section id,recording id,timestamp [ns]
9c65de30-8150-403d-9b36-5c6854d86177,be33b51d-6a5c-4d06-bfa5-3a203f839500,1688057820611000000
9c65de30-8150-403d-9b36-5c6854d86177,be33b51d-6a5c-4d06-bfa5-3a203f839500,1688057820661000000
9c65de30-8150-403d-9b36-5c6854d86177,be33b51d-6a5c-4d06-bfa5-3a203f839500,1688057820711000000
9c65de30-8150-403d-9b36-5c6854d86177,be33b51d-6a5c-4d06-bfa5-3a203f839500,1688057820761000000
9c65de30-8150-403d-9b36-5c6854d86177,be33b51d-6a5c-4d06-bfa5-3a203f839500,1688057820811000000
9c65de30-8150-403d-9b36-5c6854d86177,be33b51d-6a5c-4d06-bfa5-3a203f839500,1688057820861000000
9c65de30-8150-403d-9b36-5c6854d86177,be33b51d-6a5c-4d06-bfa5-3a203f839500,1688057820911000000
9c65de30-8150-403d-9b36-5c6854d86177,be33b51d-6a5c-4d06-bfa5-3a203f839500,1688057820961000000
9c65de30-8150-403d-9b36-5c6854d86177,be33b51d-6a5c-4d06-bfa5-3a203f839500,1688057821011000000
9c65de30-8150-403d-9b36-5c6854d86177,be33b51d-6a5c-4d06-bfa5-3a203f839500,1688057821061000000
9c65de30-8150-403d-9b36-5c6854d86177,be33b51d-6a5c-4d06-bfa5-3a203f839500,1688057821111000000
9c65de30-8150-403d-9b36-5c6854d86177,be33b51d-6a5c-4d06-bfa5-3a203f839500,1688057821161000000
9c65de30-8150-403d-9b36-5c6854d86177,be33b51d-6a5c-4d06-bfa5-3a203f839500,1688057821211000000
9c65de30-8150-403d-9b36-5c6854d86177,be33b51d-6a5c-4d06-bfa5-3a203f839500,1688057821261000000
9c65de30-8150-403d-9b36-5c6854d86177,be33b51d-6a5c-4d06-bfa5-3a203f839500,1688057821311000000
9c65de30-8150-403d-9b36-5c6854d86177,be33b51d-6a5c-4d06-bfa5-3a203f839500,1688057821361000000
9c65de30-8150-403d-9b36-5c6854d86177,be33b51d-6a5c-4d06-bfa5-3a203f839500,1688057821411000000
9c65de30-8150-403d-9b36-5c6854d86177,be33b51d-6a5c-4d06-bfa5-3a203f839500,1688057821461000000
9c65de30-8150-403d-9b36-5c6854d86177,be33b51d-6a5c-4d06-bfa5-3a203f839500,1688057821511000000
9c65de30-8150-403d-9b36-5c6854d86177,be33b51d-6a5c-4d06-bfa5-3a203f839500,1688057821561000000
9c65de30-8150-403d-9b36-5c6854d86177,be33b51d-6a5c-4d06-bfa5-3a203f839500,1688057821611000000
9c65de30-8150-403d-9b36-5c6854d86177,be33b51d-6a5c-4d06-bfa5-3a203f839500,1688057821661000000
9c65de30-8150-403d-9b36-5c6854d86177,be33b51d-6a5c-4d06-bfa5-3a203f839500,1688057821711000000
9c65de30-8150-403d-9b36-5c6854d86177,be33b51d-6a5c-4d06-bfa5-3a203f839500,1688057821761000000
9c65de30-8150-403d-9b36-5c6854d86177,be33b51d-6a5c-4d06-bfa5-3a203f839500,1688057821811000000
9c65de30-8150-403d-9b36-5c6854d86177,be33b51d-6a5c-4d06-bfa5-3a203f839500,1688057821861000000
9c65de30-8150-403d-9b36-5c6854d86177,be33b51d-6a5c-4d06-bfa5-3a203f839500,1688057821911000000
9c65de30-8150-403d-9b36-5c6854d86177,be33b51d-6a5c-4d06-bfa5-3a203f839500,1688057821961000000
9c65de30-8150-403d-9b36-5c6854d86177,be33b51d-6a5c-4d06-bfa5-3a203f839500,1688057822011000000
9c65de30-8150-403d-9b36-5c6854d86177,be33b51d-6a5c-4d06-bfa5-3a203f839500,1688057822061000000
9c65de30-8150-403d-9b36-5c6854d86177,be33b51d-6a5c-4d06-bfa5-3a203f839500,1688057822111000000
9c65de30-8150-403d-9b36-5c6854d86177,be33b51d-6a5c-4d06-bfa5-3a203f839500,1688057822161000000
9c65de30-8150-403d-9b36-5c6854d86177,be33b51d-6a5c-4d06-bfa5-3a203f839500,1688057822211000000
9c65de30-8150-403d-9b36-5c6854d86177,be33b51d-6a5c-4d06-bfa5-3a203f839500,1688057822261000000
9c65de30-8150-403d-9b36-5c6854d86177,be33b51d-6a5c-4d06-bfa5-3a203f839500,1688057822311000000
9c65de30-8150-403d-9b36-5c6854d86177,be33b51d-6a5c-4d06-bfa5-3a203f839500,1688057822361000000
9c65de30-8150-403d-9b36-5c6854d86177,be33b51d-6a5c-4d06-bfa5-3a203f839500,1688057822411000000
9c65de30-8150-403d-9b36-5c6854d86177,be33b51d-6a5c-4d06-bfa5-3a203f839500,1688057822461000000
9c65de30-8150-403d-9b36-5c6854d86177,be33b51d-6a5c-4d06-bfa5-3a203f839500,1688057822511000000
9c65de30-8150-403d-9b36-5c6854d86177,be33b51d-6a5c-4d06-bfa5-3a203f839500,1688057822561000000
9c65de30-8150-403d-9b36-5c6854d86177,be33b51d-6a5c-4d06-bfa5-3a203f839500,1688057822578777777
9c65de30-8150-403d-9b36-5c6854d86177,be33b51d-6a5c-4d06-bfa5-3a203f839500,1688057822610600000
9c65de30-8150-403d-9b36-5c6854d86177,be33b51d-6a5c-4d06-bfa5-3a203f839500,1688057822646811111
9c65de30-8150-403d-9b36-5c6854d86177,be33b51d-6a5c-4d06-bfa5-3a203f839500,1688057822678699999
9c65de30-8150-403d-9b36-5c6854d86177,be33b51d-6a5c-4d06-bfa5-3a203f839500,1688057822710855555
9c65de30-8150-403d-9b36-5c6854d86177,be33b51d-6a5c-4d06-bfa5-3a203f839500,1688057822746644444
9c65de30-8150-403d-9b36-5c6854d86177,be33b51d-6a5c-4d06-bfa5-3a203f839500,1688057822778900000
9c65de30-8150-403d-9b36-5c6854d86177,be33b51d-6a5c-4d06-bfa5-3a203f839500,1688057822810811111
9c65de30-8150-403d-9b36-5c6854d86177,be33b51d-6a5c-4d06-bfa5-3a203f839500,1688057822846555555
9c65de30-8150-403d-9b36-5c6854d86177,be33b51d-6a5c-4d06-bfa5-3a203f839500,1688057822879077777
9c65de30-8150-403d-9b36-5c6854d86177,be33b51d-6a5c-4d06-bfa5-3a203f839500,1688057822911133333
9c65de30-8150-403d-9b36-5c6854d86177,be33b51d-6a5c-4d06-bfa5-3a203f839500,1688057822946677777
9c65de30-8150-403d-9b36-5c6854d86177,be33b51d-6a5c-4d06-bfa5-3a203f839500,1688057822980133333
9c65de30-8150-403d-9b36-5c6854d86177,be33b51d-6a5c-4d06-bfa5-3a203f839500,1688057823010611111
9c65de30-8150-403d-9b36-5c6854d86177,be33b51d-6a5c-4d06-bfa5-3a203f839500,1688057823046677777
9c65de30-8150-403d-9b36-5c6854d86177,be33b51d-6a5c-4d06-bfa5-3a203f839500,1688057823078900000
9c65de30-8150-403d-9b36-5c6854d86177,be33b51d-6a5c-4d06-bfa5-3a203f839500,1688057823110744444
9c65de30-8150-403d-9b36-5c6854d86177,be33b51d-6a5c-4d06-bfa5-3a203f839500,1688057823146577777
9c65de30-8150-403d-9b36-5c6854d86177,be33b51d-6a5c-4d06-bfa5-3a203f839500,1688057823178666666
9c65de30-8150-403d-9b36-5c6854d86177,be33b51d-6a5c-4d06-bfa5-3a203f839500,1688057823210655555
9c65de30-8150-403d-9b36-5c6854d86177,be33b51d-6a5c-4d06-bfa5-3a203f839500,1688057823246677777
9c65de30-8150-403d-9b36-5c6854d86177,be33b51d-6a5c-4d06-bfa5-3a203f839500,1688057823278800000
9c65de30-8150-403d-9b36-5c6854d86177,be33b51d-6a5c-4d06-bfa5-3a203f839500,1688057823310777777
9c65de30-8150-403d-9b36-5c6854d86177,be33b51d-6a5c-4d06-bfa5-3a203f839500,1688057823346888888
9c65de30-8150-403d-9b36-5c6854d86177,be33b51d-6a5c-4d06-bfa5-3a203f839500,1688057823380766666
9c65de30-8150-403d-9b36-5c6854d86177,be33b51d-6a5c-4d06-bfa5-3a203f839500,1688057823410777777
9c65de30-8150-403d-9b36-5c6854d86177,be33b51d-6a5c-4d06-bfa5-3a203f839500,1688057823446600000
9c65de30-8150-403d-9b36-5c6854d86177,be33b51d-6a5c-4d06-bfa5-3a203f839500,1688057823479300000
9c65de30-8150-403d-9b36-5c6854d86177,be33b51d-6a5c-4d06-bfa5-3a203f839500,1688057823510700000
9c65de30-8150-403d-9b36-5c6854d86177,be33b51d-6a5c-4d06-bfa5-3a203f839500,1688057823546600000
9c65de30-8150-403d-9b36-5c6854d86177,be33b51d-6a5c-4d06-bfa5-3a203f839500,1688057823578744444
9c65de30-8150-403d-9b36-5c6854d86177,be33b51d-6a5c-4d06-bfa5-3a203f839500,1688057823610788888
9c65de30-8150-403d-9b36-5c6854d86177,be33b51d-6a5c-4d06-bfa5-3a203f839500,1688057823646744444
9c65de30-8150-403d-9b36-5c6854d86177,be33b51d-6a5c-4d06-bfa5-3a203f839500,1688057823678788888
9c65de30-8150-403d-9b36-5c6854d86177,be33b51d-6a5c-4d06-bfa5-3a203f839500,1688057823710611111
9c65de30-8150-403d-9b36-5c6854d86177,be33b51d-6a5c-4d06-bfa5-3a203f839500,1688057823746600000
9c65de30-8150-403d-9b36-5c6854d86177,be33b51d-6a5c-4d06-bfa5-3a203f839500,1688057823779300000
9c65de30-8150-403d-9b36-5c6854d86177,be33b51d-6a5c-4d06-bfa5-3a203f839500,1688057823811255555
9c65de30-8150-403d-9b36-5c6854d86177,be33b51d-6a5c-4d06-bfa5-3a203f839500,1688057823846722222
9c65de30-8150-403d-9b36-5c6854d86177,be33b51d-6a5c-4d06-bfa5-3a203f839500,1688057823879544444
9c65de30-8150-403d-9b36-5c6854d86177,be33b51d-6a5c-4d06-bfa5-3a203f839500,1688057823911322222
9c65de30-8150-403d-9b36-5c6854d86177,be33b51d-6a5c-4d06-bfa5-3a203f839500,1688057823946688888
9c65de30-8150-403d-9b36-5c6854d86177,be33b51d-6a5c-4d06-bfa5-3a203f839500,1688057823978788888
9c65de30-8150-403d-9b36-5c6854d86177,be33b51d-6a5c-4d06-bfa5-3a203f839500,1688057824010666666
9c65de30-8150-403d-9b36-5c6854d86177,be33b51d-6a5c-4d06-bfa5-3a203f839500,1688057824046766666
9c65de30-8150-403d-9b36-5c6854d86177,be33b51d-6a5c-4d06-bfa5-3a203f839500,1688057824078655555
9c65de30-8150-403d-9b36-5c6854d86177,be33b51d-6a5c-4d06-bfa5-3a203f839500,1688057824110633333
9c65de30-8150-403d-9b36-5c6854d86177,be33b51d-6a5c-4d06-bfa5-3a203f839500,1688057824147555555
9c65de30-8150-403d-9b36-5c6854d86177,be33b51d-6a5c-4d06-bfa5-3a203f839500,1688057824178722222
9c65de30-8150-403d-9b36-5c6854d86177,be33b51d-6a5c-4d06-bfa5-3a203f839500,1688057824210933333
9c65de30-8150-403d-9b36-5c6854d86177,be33b51d-6a5c-4d06-bfa5-3a203f839500,1688057824246655555
9c65de30-8150-403d-9b36-5c6854d86177,be33b51d-6a5c-4d06-bfa5-3a203f839500,1688057824279166666
9c65de30-8150-403d-9b36-5c6854d86177,be33b51d-6a5c-4d06-bfa5-3a203f839500,1688057824311011111
9c65de30-8150-403d-9b36-5c6854d86177,be33b51d-6a5c-4d06-bfa5-3a203f839500,1688057824346766666
9c65de30-8150-403d-9b36-5c6854d86177,be33b51d-6a5c-4d06-bfa5-3a203f839500,1688057824378722222
9c65de30-8150-403d-9b36-5c6854d86177,be33b51d-6a5c-4d06-bfa5-3a203f839500,1688057824410855555
9c65de30-8150-403d-9b36-5c6854d86177,be33b51d-6a5c-4d06-bfa5-3a203f839500,1688057824446800000
9c65de30-8150-403d-9b36-5c6854d86177,be33b51d-6a5c-4d06-bfa5-3a203f839500,1688057824478688888
9c65de30-8150-403d-9b36-5c6854d86177,be33b51d-6a5c-4d06-bfa5-3a203f839500,1688057824510788888
9c65de30-8150-403d-9b36-5c6854d86177,be33b51d-6a5c-4d06-bfa5-3a203f839500,1688057824546611111
9c65de30-8150-403d-9b36-5c6854d86177,be33b51d-6a5c-4d06-bfa5-3a203f839500,1688057824578944444
9c65de30-8150-403d-9b36-5c6854d86177,be33b51d-6a5c-4d06-bfa5-3a203f839500,1688057824610655555
9c65de30-8150-403d-9b36-5c6854d86177,be33b51d-6a5c-4d06-bfa5-3a203f839500,1688057824647044444
9c65de30-8150-403d-9b36-5c6854d86177,be33b51d-6a5c-4d06-bfa5-3a203f839500,1688057824678588888
9c65de30-8150-403d-9b36-5c6854d86177,be33b51d-6a5c-4d06-bfa5-3a203f839500,1688057824711466666
9c65de30-8150-403d-9b36-5c6854d86177,be33b51d-6a5c-4d06-bfa5-3a203f839500,1688057824746688888
9c65de30-8150-403d-9b36-5c6854d86177,be33b51d-6a5c-4d06-bfa5-3a203f839500,1688057824778733333
9c65de30-8150-403d-9b36-5c6854d86177,be33b51d-6a5c-4d06-bfa5-3a203f839500,1688057824810811111
9c65de30-8150-403d-9b36-5c6854d86177,be33b51d-6a5c-4d06-bfa5-3a203f839500,1688057824846655555
9c65de30-8150-403d-9b36-5c6854d86177,be33b51d-6a5c-4d06-bfa5-3a203f839500,1688057824878699999
9c65de30-8150-403d-9b36-5c6854d86177,be33b51d-6a5c-4d06-bfa5-3a203f839500,1688057824911233333
9c65de30-8150-403d-9b36-5c6854d86177,be33b51d-6a5c-4d06-bfa5-3a203f839500,1688057824946644444
9c65de30-8150-403d-9b36-5c6854d86177,be33b51d-6a5c-4d06-bfa5-3a203f839500,1688057824978822222
9c65de30-8150-403d-9b36-5c6854d86177,be33b51d-6a5c-4d06-bfa5-3a203f839500,1688057825010700000
9c65de30-8150-403d-9b36-5c6854d86177,be33b51d-6a5c-4d06-bfa5-3a203f839500,1688057825046666666
9c65de30-8150-403d-9b36-5c6854d86177,be33b51d-6a5c-4d06-bfa5-3a203f839500,1688057825078744444
9c65de30-8150-403d-9b36-5c6854d86177,be33b51d-6a5c-4d06-bfa5-3a203f839500,1688057825111211111
9c65de30-8150-403d-9b36-5c6854d86177,be33b51d-6a5c-4d06-bfa5-3a203f839500,1688057825146733333
9c65de30-8150-403d-9b36-5c6854d86177,be33b51d-6a5c-4d06-bfa5-3a203f839500,1688057825178633333
9c65de30-8150-403d-9b36-5c6854d86177,be33b51d-6a5c-4d06-bfa5-3a203f839500,1688057825210744444
9c65de30-8150-403d-9b36-5c6854d86177,be33b51d-6a5c-4d06-bfa5-3a203f839500,1688057825246777777
9c65de30-8150-403d-9b36-5c6854d86177,be33b51d-6a5c-4d06-bfa5-3a203f839500,1688057825278733333
9c65de30-8150-403d-9b36-5c6854d86177,be33b51d-6a5c-4d06-bfa5-3a203f839500,1688057825310644444
9c65de30-8150-403d-9b36-5c6854d86177,be33b51d-6a5c-4d06-bfa5-3a203f839500,1688057825346600000
9c65de30-8150-403d-9b36-5c6854d86177,be33b51d-6a5c-4d06-bfa5-3a203f839500,1688057825378744444
9c65de30-8150-403d-9b36-5c6854d86177,be33b51d-6a5c-4d06-bfa5-3a203f839500,1688057825410688888
9c65de30-8150-403d-9b36-5c6854d86177,be33b51d-6a5c-4d06-bfa5-3a203f839500,1688057825446666666
9c65de30-8150-403d-9b36-5c6854d86177,be33b51d-6a5c-4d06-bfa5-3a203f839500,1688057825478877777
9c65de30-8150-403d-9b36-5c6854d86177,be33b51d-6a5c-4d06-bfa5-3a203f839500,1688057825510666666
9c65de30-8150-403d-9b36-5c6854d86177,be33b51d-6a5c-4d06-bfa5-3a203f839500,1688057825547522222
9c65de30-8150-403d-9b36-5c6854d86177,be33b51d-6a5c-4d06-bfa5-3a203f839500,1688057825579088888
9c65de30-8150-403d-9b36-5c6854d86177,be33b51d-6a5c-4d06-bfa5-3a203f839500,1688057825610822222
9c65de30-8150-403d-9b36-5c6854d86177,be33b51d-6a5c-4d06-bfa5-3a203f839500,1688057825646622222
9c65de30-8150-403d-9b36-5c6854d86177,be33b51d-6a5c-4d06-bfa5-3a203f839500,1688057825678655555
9c65de30-8150-403d-9b36-5c6854d86177,be33b51d-6a5c-4d06-bfa5-3a203f839500,1688057825710688888
9c65de30-8150-403d-9b36-5c6854d86177,be33b51d-6a5c-4d06-bfa5-3a203f839500,1688057825746588888
9c65de30-8150-403d-9b36-5c6854d86177,be33b51d-6a5c-4d06-bfa5-3a203f839500,1688057825778788888
9c65de30-8150-403d-9b36-5c6854d86177,be33b51d-6a5c-4d06-bfa5-3a203f839500,1688057825810822222
9c65de30-8150-403d-9b36-5c6854d86177,be33b51d-6a5c-4d06-bfa5-3a203f839500,1688057825846688888
9c65de30-8150-403d-9b36-5c6854d86177,be33b51d-6a5c-4d06-bfa5-3a203f839500,1688057825878933333
9c65de30-8150-403d-9b36-5c6854d86177,be33b51d-6a5c-4d06-bfa5-3a203f839500,1688057825910633333
9c65de30-8150-403d-9b36-5c6854d86177,be33b51d-6a5c-4d06-bfa5-3a203f839500,1688057825946722222
9c65de30-8150-403d-9b36-5c6854d86177,be33b51d-6a5c-4d06-bfa5-3a203f839500,1688057825978966666
9c65de30-8150-403d-9b36-5c6854d86177,be33b51d-6a5c-4d06-bfa5-3a203f839500,1688057826014677777
9c65de30-8150-403d-9b36-5c6854d86177,be33b51d-6a5c-4d06-bfa5-3a203f839500,1688057826046700000
9c65de30-8150-403d-9b36-5c6854d86177,be33b51d-6a5c-4d06-bfa5-3a203f839500,1688057826078833333
9c65de30-8150-403d-9b36-5c6854d86177,be33b51d-6a5c-4d06-bfa5-3a203f839500,1688057826114800000
9c65de30-8150-403d-9b36-5c6854d86177,be33b51d-6a5c-4d06-bfa5-3a203f839500,1688057826147877777
9c65de30-8150-403d-9b36-5c6854d86177,be33b51d-6a5c-4d06-bfa5-3a203f839500,1688057826178711111
9c65de30-8150-403d-9b36-5c6854d86177,be33b51d-6a5c-4d06-bfa5-3a203f839500,1688057826214711111
9c65de30-8150-403d-9b36-5c6854d86177,be33b51d-6a5c-4d06-bfa5-3a203f839500,1688057826246877777
9c65de30-8150-403d-9b36-5c6854d86177,be33b51d-6a5c-4d06-bfa5-3a203f839500,1688057826279177777
9c65de30-8150-403d-9b36-5c6854d86177,be33b51d-6a5c-4d06-bfa5-3a203f839500,1688057826314588888
9c65de30-8150-403d-9b36-5c6854d86177,be33b51d-6a5c-4d06-bfa5-3a203f839500,1688057826348422222
9c65de30-8150-403d-9b36-5c6854d86177,be33b51d-6a5c-4d06-bfa5-3a203f839500,1688057826378600000
9c65de30-8150-403d-9b36-5c6854d86177,be33b51d-6a5c-4d06-bfa5-3a203f839500,1688057826414711111
9c65de30-8150-403d-9b36-5c6854d86177,be33b51d-6a5c-4d06-bfa5-3a203f839500,1688057826446855555
9c65de30-8150-403d-9b36-5c6854d86177,be33b51d-6a5c-4d06-bfa5-3a203f839500,1688057826478777777
9c65de30-8150-403d-9b36-5c6854d86177,be33b51d-6a5c-4d06-bfa5-3a203f839500,1688057826514844444
9c65de30-8150-403d-9b36-5c6854d86177,be33b51d-6a5c-4d06-bfa5-3a203f839500,1688057826547144444
9c65de30-8150-403d-9b36-5c6854d86177,be33b51d-6a5c-4d06-bfa5-3a203f839500,1688057826578700000
9c65de30-8150-403d-9b36-5c6854d86177,be33b51d-6a5c-4d06-bfa5-3a203f839500,1688057826615044444
9c65de30-8150-403d-9b36-5c6854d86177,be33b51d-6a5c-4d06-bfa5-3a203f839500,1688057826646611111
9c65de30-8150-403d-9b36-5c6854d86177,be33b51d-6a5c-4d06-bfa5-3a203f839500,1688057826678877777
9c65de30-8150-403d-9b36-5c6854d86177,be33b51d-6a5c-4d06-bfa5-3a203f839500,1688057826714688888
9c65de30-8150-403d-9b36-5c6854d86177,be33b51d-6a5c-4d06-bfa5-3a203f839500,1688057826746944444
9c65de30-8150-403d-9b36-5c6854d86177,be33b51d-6a5c-4d06-bfa5-3a203f839500,1688057826778988888
9c65de30-8150-403d-9b36-5c6854d86177,be33b51d-6a5c-4d06-bfa5-3a203f839500,1688057826814800000
9c65de30-8150-403d-9b36-5c6854d86177,be33b51d-6a5c-4d06-bfa5-3a203f839500,1688057826846733333
9c65de30-8150-403d-9b36-5c6854d86177,be33b51d-6a5c-4d06-bfa5-3a203f839500,1688057826878766666
9c65de30-8150-403d-9b36-5c6854d86177,be33b51d-6a5c-4d06-bfa5-3a203f839500,1688057826914688888
9c65de30-8150-403d-9b36-5c6854d86177,be33b51d-6a5c-4d06-bfa5-3a203f839500,1688057826946611111
9c65de30-8150-403d-9b36-5c6854d86177,be33b51d-6a5c-4d06-bfa5-3a203f839500,1688057826979588888
9c65de30-8150-403d-9b36-5c6854d86177,be33b51d-6a5c-4d06-bfa5-3a203f839500,1688057827014755555
9c65de30-8150-403d-9b36-5c6854d86177,be33b51d-6a5c-4d06-bfa5-3a203f839500,1688057827046722222
9c65de30-8150-403d-9b36-5c6854d86177,be33b51d-6a5c-4d06-bfa5-3a203f839500,1688057827079233333
9c65de30-8150-403d-9b36-5c6854d86177,be33b51d-6a5c-4d06-bfa5-3a203f839500,1688057827114611111
9c65de30-8150-403d-9b36-5c6854d86177,be33b51d-6a5c-4d06-bfa5-3a203f839500,1688057827146933333
9c65de30-8150-403d-9b36-5c6854d86177,be33b51d-6a5c-4d06-bfa5-3a203f839500,1688057827178711111
9c65de30-8150-403d-9b36-5c6854d86177,be33b51d-6a5c-4d06-bfa5-3a203f839500,1688057827215011111
9c65de30-8150-403d-9b36-5c6854d86177,be33b51d-6a5c-4d06-bfa5-3a203f839500,1688057827246600000
9c65de30-8150-403d-9b36-5c6854d86177,be33b51d-6a5c-4d06-bfa5-3a203f839500,1688057827278822222
9c65de30-8150-403d-9b36-5c6854d86177,be33b51d-6a5c-4d06-bfa5-3a203f839500,1688057827316322222
9c65de30-8150-403d-9b36-5c6854d86177,be33b51d-6a5c-4d06-bfa5-3a203f839500,1688057827346622222
9c65de30-8150-403d-9b36-5c6854d86177,be33b51d-6a5c-4d06-bfa5-3a203f839500,1688057827378811111
9c65de30-8150-403d-9b36-5c6854d86177,be33b51d-6a5c-4d06-bfa5-3a203f839500,1688057827414688888
9c65de30-8150-403d-9b36-5c6854d86177,be33b51d-6a5c-4d06-bfa5-3a203f839500,1688057827446611111
9c65de30-8150-403d-9b36-5c6854d86177,be33b51d-6a5c-4d06-bfa5-3a203f839500,1688057827478888888
9c65de30-8150-403d-9b36-5c6854d86177,be33b51d-6a5c-4d06-bfa5-3a203f839500,1688057827514700000
9c65de30-8150-403d-9b36-5c6854d86177,be33b51d-6a5c-4d06-bfa5-3a203f839500,1688057827547355555
9c65de30-8150-403d-9b36-5c6854d86177,be33b51d-6a5c-4d06-bfa5-3a203f839500,1688057827578700000
9c65de30-8150-403d-9b36-5c6854d86177,be33b51d-6a5c-4d06-bfa5-3a203f839500,1688057827614833333
9c65de30-8150-403d-9b36-5c6854d86177,be33b51d-6a5c-4d06-bfa5-3a203f839500,1688057827646888888
9c65de30-8150-403d-9b36-5c6854d86177,be33b51d-6a5c-4d06-bfa5-3a203f839500,1688057827678688888
9c65de30-8150-403d-9b36-5c6854d86177,be33b51d-6a5c-4d06-bfa5-3a203f839500,1688057827715288888
9c65de30-8150-403d-9b36-5c6854d86177,be33b51d-6a5c-4d06-bfa5-3a203f839500,1688057827747144444
9c65de30-8150-403d-9b36-5c6854d86177,be33b51d-6a5c-4d06-bfa5-3a203f839500,1688057827778911111
9c65de30-8150-403d-9b36-5c6854d86177,be33b51d-6a5c-4d06-bfa5-3a203f839500,1688057827814900000
9c65de30-8150-403d-9b36-5c6854d86177,be33b51d-6a5c-4d06-bfa5-3a203f839500,1688057827846700000
9c65de30-8150-403d-9b36-5c6854d86177,be33b51d-6a5c-4d06-bfa5-3a203f839500,1688057827878933333
9c65de30-8150-403d-9b36-5c6854d86177,be33b51d-6a5c-4d06-bfa5-3a203f839500,1688057827914888888
9c65de30-8150-403d-9b36-5c6854d86177,be33b51d-6a5c-4d06-bfa5-3a203f839500,1688057827947311111
9c65de30-8150-403d-9b36-5c6854d86177,be33b51d-6a5c-4d06-bfa5-3a203f839500,1688057827978844444
9c65de30-8150-403d-9b36-5c6854d86177,be33b51d-6a5c-4d06-bfa5-3a203f839500,1688057828014788888
9c65de30-8150-403d-9b36-5c6854d86177,be33b51d-6a5c-4d06-bfa5-3a203f839500,1688057828046822222
9c65de30-8150-403d-9b36-5c6854d86177,be33b51d-6a5c-4d06-bfa5-3a203f839500,1688057828078722222
9c65de30-8150-403d-9b36-5c6854d86177,be33b51d-6a5c-4d06-bfa5-3a203f839500,1688057828114622222
9c65de30-8150-403d-9b36-5c6854d86177,be33b51d-6a5c-4d06-bfa5-3a203f839500,1688057828146588888
9c65de30-8150-403d-9b36-5c6854d86177,be33b51d-6a5c-4d06-bfa5-3a203f839500,1688057828178733333
9c65de30-8150-403d-9b36-5c6854d86177,be33b51d-6a5c-4d06-bfa5-3a203f839500,1688057828214611111
9c65de30-8150-403d-9b36-5c6854d86177,be33b51d-6a5c-4d06-bfa5-3a203f839500,1688057828246688888
9c65de30-8150-403d-9b36-5c6854d86177,be33b51d-6a5c-4d06-bfa5-3a203f839500,1688057828278655555
9c65de30-8150-403d-9b36-5c6854d86177,be33b51d-6a5c-4d06-bfa5-3a203f839500,1688057828314711111
9c65de30-8150-403d-9b36-5c6854d86177,be33b51d-6a5c-4d06-bfa5-3a203f839500,1688057828346588888
9c65de30-8150-403d-9b36-5c6854d86177,be33b51d-6a5c-4d06-bfa5-3a203f839500,1688057828378766666
9c65de30-8150-403d-9b36-5c6854d86177,be33b51d-6a5c-4d06-bfa5-3a203f839500,1688057828414711111
9c65de30-8150-403d-9b36-5c6854d86177,be33b51d-6a5c-4d06-bfa5-3a203f839500,1688057828446611111
9c65de30-8150-403d-9b36-5c6854d86177,be33b51d-6a5c-4d06-bfa5-3a203f839500,1688057828478666666
9c65de30-8150-403d-9b36-5c6854d86177,be33b51d-6a5c-4d06-bfa5-3a203f839500,1688057828514777777
9c65de30-8150-403d-9b36-5c6854d86177,be33b51d-6a5c-4d06-bfa5-3a203f839500,1688057828547966666
9c65de30-8150-403d-9b36-5c6854d86177,be33b51d-6a5c-4d06-bfa5-3a203f839500,1688057828578711111
9c65de30-8150-403d-9b36-5c6854d86177,be33b51d-6a5c-4d06-bfa5-3a203f839500,1688057828614677777
9c65de30-8150-403d-9b36-5c6854d86177,be33b51d-6a5c-4d06-bfa5-3a203f839500,1688057828647222222
9c65de30-8150-403d-9b36-5c6854d86177,be33b51d-6a5c-4d06-bfa5-3a203f839500,1688057828678655555
9c65de30-8150-403d-9b36-5c6854d86177,be33b51d-6a5c-4d06-bfa5-3a203f839500,1688057828715033333
9c65de30-8150-403d-9b36-5c6854d86177,be33b51d-6a5c-4d06-bfa5-3a203f839500,1688057828746611111
9c65de30-8150-403d-9b36-5c6854d86177,be33b51d-6a5c-4d06-bfa5-3a203f839500,1688057828779344444
9c65de30-8150-403d-9b36-5c6854d86177,be33b51d-6a5c-4d06-bfa5-3a203f839500,1688057828815055555
9c65de30-8150-403d-9b36-5c6854d86177,be33b51d-6a5c-4d06-bfa5-3a203f839500,1688057828846633333
9c65de30-8150-403d-9b36-5c6854d86177,be33b51d-6a5c-4d06-bfa5-3a203f839500,1688057828878766666
9c65de30-8150-403d-9b36-5c6854d86177,be33b51d-6a5c-4d06-bfa5-3a203f839500,1688057828914744444
9c65de30-8150-403d-9b36-5c6854d86177,be33b51d-6a5c-4d06-bfa5-3a203f839500,1688057828946633333
9c65de30-8150-403d-9b36-5c6854d86177,be33b51d-6a5c-4d06-bfa5-3a203f839500,1688057828979333333
9c65de30-8150-403d-9b36-5c6854d86177,be33b51d-6a5c-4d06-bfa5-3a203f839500,1688057829014600000
9c65de30-8150-403d-9b36-5c6854d86177,be33b51d-6a5c-4d06-bfa5-3a203f839500,1688057829046733333
9c65de30-8150-403d-9b36-5c6854d86177,be33b51d-6a5c-4d06-bfa5-3a203f839500,1688057829079355555
9c65de30-8150-403d-9b36-5c6854d86177,be33b51d-6a5c-4d06-bfa5-3a203f839500,1688057829114677777
9c65de30-8150-403d-9b36-5c6854d86177,be33b51d-6a5c-4d06-bfa5-3a203f839500,1688057829146755555
9c65de30-8150-403d-9b36-5c6854d86177,be33b51d-6a5c-4d06-bfa5-3a203f839500,1688057829178788888
9c65de30-8150-403d-9b36-5c6854d86177,be33b51d-6a5c-4d06-bfa5-3a203f839500,1688057829214644444
9c65de30-8150-403d-9b36-5c6854d86177,be33b51d-6a5c-4d06-bfa5-3a203f839500,1688057829246688888
9c65de30-8150-403d-9b36-5c6854d86177,be33b51d-6a5c-4d06-bfa5-3a203f839500,1688057829278644444
9c65de30-8150-403d-9b36-5c6854d86177,be33b51d-6a5c-4d06-bfa5-3a203f839500,1688057829314655555
9c65de30-8150-403d-9b36-5c6854d86177,be33b51d-6a5c-4d06-bfa5-3a203f839500,1688057829346711111
9c65de30-8150-403d-9b36-5c6854d86177,be33b51d-6a5c-4d06-bfa5-3a203f839500,1688057829378755555
9c65de30-8150-403d-9b36-5c6854d86177,be33b51d-6a5c-4d06-bfa5-3a203f839500,1688057829414644444
9c65de30-8150-403d-9b36-5c6854d86177,be33b51d-6a5c-4d06-bfa5-3a203f839500,1688057829446655555
9c65de30-8150-403d-9b36-5c6854d86177,be33b51d-6a5c-4d06-bfa5-3a203f839500,1688057829478833333
9c65de30-8150-403d-9b36-5c6854d86177,be33b51d-6a5c-4d06-bfa5-3a203f839500,1688057829517200000
9c65de30-8150-403d-9b36-5c6854d86177,be33b51d-6a5c-4d06-bfa5-3a203f839500,1688057829546644444
9c65de30-8150-403d-9b36-5c6854d86177,be33b51d-6a5c-4d06-bfa5-3a203f839500,1688057829578888888
9c65de30-8150-403d-9b36-5c6854d86177,be33b51d-6a5c-4d06-bfa5-3a203f839500,1688057829614733333
9c65de30-8150-403d-9b36-5c6854d86177,be33b51d-6a5c-4d06-bfa5-3a203f839500,1688057829647077777
9c65de30-8150-403d-9b36-5c6854d86177,be33b51d-6a5c-4d06-bfa5-3a203f839500,1688057829678688888
9c65de30-8150-403d-9b36-5c6854d86177,be33b51d-6a5c-4d06-bfa5-3a203f839500,1688057829714688888
9c65de30-8150-403d-9b36-5c6854d86177,be33b51d-6a5c-4d06-bfa5-3a203f839500,1688057829746755555
9c65de30-8150-403d-9b36-5c6854d86177,be33b51d-6a5c-4d06-bfa5-3a203f839500,1688057829778988888
9c65de30-8150-403d-9b36-5c6854d86177,be33b51d-6a5c-4d06-bfa5-3a203f839500,1688057829814611111
9c65de30-8150-403d-9b36-5c6854d86177,be33b51d-6a5c-4d06-bfa5-3a203f839500,1688057829846911111
9c65de30-8150-403d-9b36-5c6854d86177,be33b51d-6a5c-4d06-bfa5-3a203f839500,1688057829879266666
9c65de30-8150-403d-9b36-5c6854d86177,be33b51d-6a5c-4d06-bfa5-3a203f839500,1688057829914644444
9c65de30-8150-403d-9b36-5c6854d86177,be33b51d-6a5c-4d06-bfa5-3a203f839500,1688057829947088888
9c65de30-8150-403d-9b36-5c6854d86177,be33b51d-6a5c-4d06-bfa5-3a203f839500,1688057829979066666
9c65de30-8150-403d-9b36-5c6854d86177,be33b51d-6a5c-4d06-bfa5-3a203f839500,1688057830014600000
9c65de30-8150-403d-9b36-5c6854d86177,be33b51d-6a5c-4d06-bfa5-3a203f839500,1688057830046733333
9c65de30-8150-403d-9b36-5c6854d86177,be33b51d-6a5c-4d06-bfa5-3a203f839500,1688057830078955555
9c65de30-8150-403d-9b36-5c6854d86177,be33b51d-6a5c-4d06-bfa5-3a203f839500,1688057830114722222
9c65de30-8150-403d-9b36-5c6854d86177,be33b51d-6a5c-4d06-bfa5-3a203f839500,1688057830146655555
9c65de30-8150-403d-9b36-5c6854d86177,be33b51d-6a5c-4d06-bfa5-3a203f839500,1688057830178611111
9c65de30-8150-403d-9b36-5c6854d86177,be33b51d-6a5c-4d06-bfa5-3a203f839500,1688057830214655555
9c65de30-8150-403d-9b36-5c6854d86177,be33b51d-6a5c-4d06-bfa5-3a203f839500,1688057830246688888
9c65de30-8150-403d-9b36-5c6854d86177,be33b51d-6a5c-4d06-bfa5-3a203f839500,1688057830279477777
9c65de30-8150-403d-9b36-5c6854d86177,be33b51d-6a5c-4d06-bfa5-3a203f839500,1688057830314688888
9c65de30-8150-403d-9b36-5c6854d86177,be33b51d-6a5c-4d06-bfa5-3a203f839500,1688057830346622222
9c65de30-8150-403d-9b36-5c6854d86177,be33b51d-6a5c-4d06-bfa5-3a203f839500,1688057830378822222
9c65de30-8150-403d-9b36-5c6854d86177,be33b51d-6a5c-4d06-bfa5-3a203f839500,1688057830415144444
9c65de30-8150-403d-9b36-5c6854d86177,be33b51d-6a5c-4d06-bfa5-3a203f839500,1688057830446655555
9c65de30-8150-403d-9b36-5c6854d86177,be33b51d-6a5c-4d06-bfa5-3a203f839500,1688057830478977777
9c65de30-8150-403d-9b36-5c6854d86177,be33b51d-6a5c-4d06-bfa5-3a203f839500,1688057830514744444
9c65de30-8150-403d-9b36-5c6854d86177,be33b51d-6a5c-4d06-bfa5-3a203f839500,1688057830547811111
9c65de30-8150-403d-9b36-5c6854d86177,be33b51d-6a5c-4d06-bfa5-3a203f839500,1688057830578822222
9c65de30-8150-403d-9b36-5c6854d86177,be33b51d-6a5c-4d06-bfa5-3a203f839500,1688057830614633333
9c65de30-8150-403d-9b36-5c6854d86177,be33b51d-6a5c-4d06-bfa5-3a203f839500,1688057830646933333
9c65de30-8150-403d-9b36-5c6854d86177,be33b51d-6a5c-4d06-bfa5-3a203f839500,1688057830678655555
9c65de30-8150-403d-9b36-5c6854d86177,be33b51d-6a5c-4d06-bfa5-3a203f839500,1688057830714655555
9c65de30-8150-403d-9b36-5c6854d86177,be33b51d-6a5c-4d06-bfa5-3a203f839500,1688057830747488888
9c65de30-8150-403d-9b36-5c6854d86177,be33b51d-6a5c-4d06-bfa5-3a203f839500,1688057830779511111
9c65de30-8150-403d-9b36-5c6854d86177,be33b51d-6a5c-4d06-bfa5-3a203f839500,1688057830814677777
9c65de30-8150-403d-9b36-5c6854d86177,be33b51d-6a5c-4d06-bfa5-3a203f839500,1688057830847344444
9c65de30-8150-403d-9b36-5c6854d86177,be33b51d-6a5c-4d06-bfa5-3a203f839500,1688057830882666666
9c65de30-8150-403d-9b36-5c6854d86177,be33b51d-6a5c-4d06-bfa5-3a203f839500,1688057830914666666
9c65de30-8150-403d-9b36-5c6854d86177,be33b51d-6a5c-4d06-bfa5-3a203f839500,1688057830946744444
9c65de30-8150-403d-9b36-5c6854d86177,be33b51d-6a5c-4d06-bfa5-3a203f839500,1688057830982611111
9c65de30-8150-403d-9b36-5c6854d86177,be33b51d-6a5c-4d06-bfa5-3a203f839500,1688057831014755555
9c65de30-8150-403d-9b36-5c6854d86177,be33b51d-6a5c-4d06-bfa5-3a203f839500,1688057831046766666
9c65de30-8150-403d-9b36-5c6854d86177,be33b51d-6a5c-4d06-bfa5-3a203f839500,1688057831083544444
9c65de30-8150-403d-9b36-5c6854d86177,be33b51d-6a5c-4d06-bfa5-3a203f839500,1688057831114833333
9c65de30-8150-403d-9b36-5c6854d86177,be33b51d-6a5c-4d06-bfa5-3a203f839500,1688057831147466666
9c65de30-8150-403d-9b36-5c6854d86177,be33b51d-6a5c-4d06-bfa5-3a203f839500,1688057831182722222
9c65de30-8150-403d-9b36-5c6854d86177,be33b51d-6a5c-4d06-bfa5-3a203f839500,1688057831214622222
9c65de30-8150-403d-9b36-5c6854d86177,be33b51d-6a5c-4d06-bfa5-3a203f839500,1688057831246755555
9c65de30-8150-403d-9b36-5c6854d86177,be33b51d-6a5c-4d06-bfa5-3a203f839500,1688057831282644444
9c65de30-8150-403d-9b36-5c6854d86177,be33b51d-6a5c-4d06-bfa5-3a203f839500,1688057831314566666
9c65de30-8150-403d-9b36-5c6854d86177,be33b51d-6a5c-4d06-bfa5-3a203f839500,1688057831346788888
9c65de30-8150-403d-9b36-5c6854d86177,be33b51d-6a5c-4d06-bfa5-3a203f839500,1688057831382788888
9c65de30-8150-403d-9b36-5c6854d86177,be33b51d-6a5c-4d06-bfa5-3a203f839500,1688057831414588888
9c65de30-8150-403d-9b36-5c6854d86177,be33b51d-6a5c-4d06-bfa5-3a203f839500,1688057831447588888
9c65de30-8150-403d-9b36-5c6854d86177,be33b51d-6a5c-4d06-bfa5-3a203f839500,1688057831482600000
9c65de30-8150-403d-9b36-5c6854d86177,be33b51d-6a5c-4d06-bfa5-3a203f839500,1688057831514688888
9c65de30-8150-403d-9b36-5c6854d86177,be33b51d-6a5c-4d06-bfa5-3a203f839500,1688057831546644444
9c65de30-8150-403d-9b36-5c6854d86177,be33b51d-6a5c-4d06-bfa5-3a203f839500,1688057831582688888
9c65de30-8150-403d-9b36-5c6854d86177,be33b51d-6a5c-4d06-bfa5-3a203f839500,1688057831614577777
9c65de30-8150-403d-9b36-5c6854d86177,be33b51d-6a5c-4d06-bfa5-3a203f839500,1688057831646600000
9c65de30-8150-403d-9b36-5c6854d86177,be33b51d-6a5c-4d06-bfa5-3a203f839500,1688057831682644444
9c65de30-8150-403d-9b36-5c6854d86177,be33b51d-6a5c-4d06-bfa5-3a203f839500,1688057831714700000
9c65de30-8150-403d-9b36-5c6854d86177,be33b51d-6a5c-4d06-bfa5-3a203f839500,1688057831748222222
9c65de30-8150-403d-9b36-5c6854d86177,be33b51d-6a5c-4d06-bfa5-3a203f839500,1688057831782622222
9c65de30-8150-403d-9b36-5c6854d86177,be33b51d-6a5c-4d06-bfa5-3a203f839500,1688057831814855555
9c65de30-8150-403d-9b36-5c6854d86177,be33b51d-6a5c-4d06-bfa5-3a203f839500,1688057831846833333
9c65de30-8150-403d-9b36-5c6854d86177,be33b51d-6a5c-4d06-bfa5-3a203f839500,1688057831882622222
9c65de30-8150-403d-9b36-5c6854d86177,be33b51d-6a5c-4d06-bfa5-3a203f839500,1688057831914777777
9c65de30-8150-403d-9b36-5c6854d86177,be33b51d-6a5c-4d06-bfa5-3a203f839500,1688057831946700000
9c65de30-8150-403d-9b36-5c6854d86177,be33b51d-6a5c-4d06-bfa5-3a203f839500,1688057831982622222
9c65de30-8150-403d-9b36-5c6854d86177,be33b51d-6a5c-4d06-bfa5-3a203f839500,1688057832014711111
9c65de30-8150-403d-9b36-5c6854d86177,be33b51d-6a5c-4d06-bfa5-3a203f839500,1688057832047188888
9c65de30-8150-403d-9b36-5c6854d86177,be33b51d-6a5c-4d06-bfa5-3a203f839500,1688057832082688888
9c65de30-8150-403d-9b36-5c6854d86177,be33b51d-6a5c-4d06-bfa5-3a203f839500,1688057832114677777
9c65de30-8150-403d-9b36-5c6854d86177,be33b51d-6a5c-4d06-bfa5-3a203f839500,1688057832146811111
9c65de30-8150-403d-9b36-5c6854d86177,be33b51d-6a5c-4d06-bfa5-3a203f839500,1688057832182777777
9c65de30-8150-403d-9b36-5c6854d86177,be33b51d-6a5c-4d06-bfa5-3a203f839500,1688057832214577777
9c65de30-8150-403d-9b36-5c6854d86177,be33b51d-6a5c-4d06-bfa5-3a203f839500,1688057832247911111
9c65de30-8150-403d-9b36-5c6854d86177,be33b51d-6a5c-4d06-bfa5-3a203f839500,1688057832282855555
9c65de30-8150-403d-9b36-5c6854d86177,be33b51d-6a5c-4d06-bfa5-3a203f839500,1688057832314722222
9c65de30-8150-403d-9b36-5c6854d86177,be33b51d-6a5c-4d06-bfa5-3a203f839500,1688057832347200000
9c65de30-8150-403d-9b36-5c6854d86177,be33b51d-6a5c-4d06-bfa5-3a203f839500,1688057832382633333
9c65de30-8150-403d-9b36-5c6854d86177,be33b51d-6a5c-4d06-bfa5-3a203f839500,1688057832415333333
9c65de30-8150-403d-9b36-5c6854d86177,be33b51d-6a5c-4d06-bfa5-3a203f839500,1688057832446711111
9c65de30-8150-403d-9b36-5c6854d86177,be33b51d-6a5c-4d06-bfa5-3a203f839500,1688057832482688888
9c65de30-8150-403d-9b36-5c6854d86177,be33b51d-6a5c-4d06-bfa5-3a203f839500,1688057832514777777
9c65de30-8150-403d-9b36-5c6854d86177,be33b51d-6a5c-4d06-bfa5-3a203f839500,1688057832546933333
9c65de30-8150-403d-9b36-5c6854d86177,be33b51d-6a5c-4d06-bfa5-3a203f839500,1688057832582655555
9c65de30-8150-403d-9b36-5c6854d86177,be33b51d-6a5c-4d06-bfa5-3a203f839500,1688057832615388888
9c65de30-8150-403d-9b36-5c6854d86177,be33b51d-6a5c-4d06-bfa5-3a203f839500,1688057832646888888
9c65de30-8150-403d-9b36-5c6854d86177,be33b51d-6a5c-4d06-bfa5-3a203f839500,1688057832683022222
9c65de30-8150-403d-9b36-5c6854d86177,be33b51d-6a5c-4d06-bfa5-3a203f839500,1688057832714944444
9c65de30-8150-403d-9b36-5c6854d86177,be33b51d-6a5c-4d06-bfa5-3a203f839500,1688057832746788888
9c65de30-8150-403d-9b36-5c6854d86177,be33b51d-6a5c-4d06-bfa5-3a203f839500,1688057832782644444
9c65de30-8150-403d-9b36-5c6854d86177,be33b51d-6a5c-4d06-bfa5-3a203f839500,1688057832814733333
9c65de30-8150-403d-9b36-5c6854d86177,be33b51d-6a5c-4d06-bfa5-3a203f839500,1688057832846600000
9c65de30-8150-403d-9b36-5c6854d86177,be33b51d-6a5c-4d06-bfa5-3a203f839500,1688057832882888888
9c65de30-8150-403d-9b36-5c6854d86177,be33b51d-6a5c-4d06-bfa5-3a203f839500,1688057832914833333
9c65de30-8150-403d-9b36-5c6854d86177,be33b51d-6a5c-4d06-bfa5-3a203f839500,1688057832947366666
9c65de30-8150-403d-9b36-5c6854d86177,be33b51d-6a5c-4d06-bfa5-3a203f839500,1688057832983066666
9c65de30-8150-403d-9b36-5c6854d86177,be33b51d-6a5c-4d06-bfa5-3a203f839500,1688057833014611111
9c65de30-8150-403d-9b36-5c6854d86177,be33b51d-6a5c-4d06-bfa5-3a203f839500,1688057833047011111
9c65de30-8150-403d-9b36-5c6854d86177,be33b51d-6a5c-4d06-bfa5-3a203f839500,1688057833083155555
9c65de30-8150-403d-9b36-5c6854d86177,be33b51d-6a5c-4d06-bfa5-3a203f839500,1688057833114822222
9c65de30-8150-403d-9b36-5c6854d86177,be33b51d-6a5c-4d06-bfa5-3a203f839500,1688057833147111111
9c65de30-8150-403d-9b36-5c6854d86177,be33b51d-6a5c-4d06-bfa5-3a203f839500,1688057833182700000
9c65de30-8150-403d-9b36-5c6854d86177,be33b51d-6a5c-4d06-bfa5-3a203f839500,1688057833214811111
9c65de30-8150-403d-9b36-5c6854d86177,be33b51d-6a5c-4d06-bfa5-3a203f839500,1688057833247400000
9c65de30-8150-403d-9b36-5c6854d86177,be33b51d-6a5c-4d06-bfa5-3a203f839500,1688057833282777777
9c65de30-8150-403d-9b36-5c6854d86177,be33b51d-6a5c-4d06-bfa5-3a203f839500,1688057833314733333
9c65de30-8150-403d-9b36-5c6854d86177,be33b51d-6a5c-4d06-bfa5-3a203f839500,1688057833346900000
9c65de30-8150-403d-9b36-5c6854d86177,be33b51d-6a5c-4d06-bfa5-3a203f839500,1688057833382733333
9c65de30-8150-403d-9b36-5c6854d86177,be33b51d-6a5c-4d06-bfa5-3a203f839500,1688057833414633333
9c65de30-8150-403d-9b36-5c6854d86177,be33b51d-6a5c-4d06-bfa5-3a203f839500,1688057833446988888
9c65de30-8150-403d-9b36-5c6854d86177,be33b51d-6a5c-4d06-bfa5-3a203f839500,1688057833482722222
9c65de30-8150-403d-9b36-5c6854d86177,be33b51d-6a5c-4d06-bfa5-3a203f839500,1688057833514722222
9c65de30-8150-403d-9b36-5c6854d86177,be33b51d-6a5c-4d06-bfa5-3a203f839500,1688057833546822222
9c65de30-8150-403d-9b36-5c6854d86177,be33b51d-6a5c-4d06-bfa5-3a203f839500,1688057833582766666
9c65de30-8150-403d-9b36-5c6854d86177,be33b51d-6a5c-4d06-bfa5-3a203f839500,1688057833614633333
9c65de30-8150-403d-9b36-5c6854d86177,be33b51d-6a5c-4d06-bfa5-3a203f839500,1688057833646611111
9c65de30-8150-403d-9b36-5c6854d86177,be33b51d-6a5c-4d06-bfa5-3a203f839500,1688057833682666666
9c65de30-8150-403d-9b36-5c6854d86177,be33b51d-6a5c-4d06-bfa5-3a203f839500,1688057833714766666
9c65de30-8150-403d-9b36-5c6854d86177,be33b51d-6a5c-4d06-bfa5-3a203f839500,1688057833746655555
9c65de30-8150-403d-9b36-5c6854d86177,be33b51d-6a5c-4d06-bfa5-3a203f839500,1688057833782766666
9c65de30-8150-403d-9b36-5c6854d86177,be33b51d-6a5c-4d06-bfa5-3a203f839500,1688057833814611111
9c65de30-8150-403d-9b36-5c6854d86177,be33b51d-6a5c-4d06-bfa5-3a203f839500,1688057833846600000
9c65de30-8150-403d-9b36-5c6854d86177,be33b51d-6a5c-4d06-bfa5-3a203f839500,1688057833882555555
9c65de30-8150-403d-9b36-5c6854d86177,be33b51d-6a5c-4d06-bfa5-3a203f839500,1688057833914777777
9c65de30-8150-403d-9b36-5c6854d86177,be33b51d-6a5c-4d06-bfa5-3a203f839500,1688057833948144444
9c65de30-8150-403d-9b36-5c6854d86177,be33b51d-6a5c-4d06-bfa5-3a203f839500,1688057833983777777
9c65de30-8150-403d-9b36-5c6854d86177,be33b51d-6a5c-4d06-bfa5-3a203f839500,1688057834014788888
9c65de30-8150-403d-9b36-5c6854d86177,be33b51d-6a5c-4d06-bfa5-3a203f839500,1688057834046677777
9c65de30-8150-403d-9b36-5c6854d86177,be33b51d-6a5c-4d06-bfa5-3a203f839500,1688057834082566666
9c65de30-8150-403d-9b36-5c6854d86177,be33b51d-6a5c-4d06-bfa5-3a203f839500,1688057834114633333
9c65de30-8150-403d-9b36-5c6854d86177,be33b51d-6a5c-4d06-bfa5-3a203f839500,1688057834146666666
9c65de30-8150-403d-9b36-5c6854d86177,be33b51d-6a5c-4d06-bfa5-3a203f839500,1688057834182755555
9c65de30-8150-403d-9b36-5c6854d86177,be33b51d-6a5c-4d06-bfa5-3a203f839500,1688057834214666666
9c65de30-8150-403d-9b36-5c6854d86177,be33b51d-6a5c-4d06-bfa5-3a203f839500,1688057834246677777
9c65de30-8150-403d-9b36-5c6854d86177,be33b51d-6a5c-4d06-bfa5-3a203f839500,1688057834282677777
9c65de30-8150-403d-9b36-5c6854d86177,be33b51d-6a5c-4d06-bfa5-3a203f839500,1688057834314811111
9c65de30-8150-403d-9b36-5c6854d86177,be33b51d-6a5c-4d06-bfa5-3a203f839500,1688057834347277777
9c65de30-8150-403d-9b36-5c6854d86177,be33b51d-6a5c-4d06-bfa5-3a203f839500,1688057834382833333
9c65de30-8150-403d-9b36-5c6854d86177,be33b51d-6a5c-4d06-bfa5-3a203f839500,1688057834414666666
9c65de30-8150-403d-9b36-5c6854d86177,be33b51d-6a5c-4d06-bfa5-3a203f839500,1688057834446822222
9c65de30-8150-403d-9b36-5c6854d86177,be33b51d-6a5c-4d06-bfa5-3a203f839500,1688057834482577777
9c65de30-8150-403d-9b36-5c6854d86177,be33b51d-6a5c-4d06-bfa5-3a203f839500,1688057834515411111
9c65de30-8150-403d-9b36-5c6854d86177,be33b51d-6a5c-4d06-bfa5-3a203f839500,1688057834546655555
9c65de30-8150-403d-9b36-5c6854d86177,be33b51d-6a5c-4d06-bfa5-3a203f839500,1688057834582688888
9c65de30-8150-403d-9b36-5c6854d86177,be33b51d-6a5c-4d06-bfa5-3a203f839500,1688057834614788888
9c65de30-8150-403d-9b36-5c6854d86177,be33b51d-6a5c-4d06-bfa5-3a203f839500,1688057834647311111
9c65de30-8150-403d-9b36-5c6854d86177,be33b51d-6a5c-4d06-bfa5-3a203f839500,1688057834682611111
9c65de30-8150-403d-9b36-5c6854d86177,be33b51d-6a5c-4d06-bfa5-3a203f839500,1688057834714733333
9c65de30-8150-403d-9b36-5c6854d86177,be33b51d-6a5c-4d06-bfa5-3a203f839500,1688057834747488888
9c65de30-8150-403d-9b36-5c6854d86177,be33b51d-6a5c-4d06-bfa5-3a203f839500,1688057834782655555
9c65de30-8150-403d-9b36-5c6854d86177,be33b51d-6a5c-4d06-bfa5-3a203f839500,1688057834815188888
9c65de30-8150-403d-9b36-5c6854d86177,be33b51d-6a5c-4d06-bfa5-3a203f839500,1688057834847544444
9c65de30-8150-403d-9b36-5c6854d86177,be33b51d-6a5c-4d06-bfa5-3a203f839500,1688057834882777777
9c65de30-8150-403d-9b36-5c6854d86177,be33b51d-6a5c-4d06-bfa5-3a203f839500,1688057834914811111
9c65de30-8150-403d-9b36-5c6854d86177,be33b51d-6a5c-4d06-bfa5-3a203f839500,1688057834946655555
9c65de30-8150-403d-9b36-5c6854d86177,be33b51d-6a5c-4d06-bfa5-3a203f839500,1688057834982588888
9c65de30-8150-403d-9b36-5c6854d86177,be33b51d-6a5c-4d06-bfa5-3a203f839500,1688057835014700000
9c65de30-8150-403d-9b36-5c6854d86177,be33b51d-6a5c-4d06-bfa5-3a203f839500,1688057835046777777
9c65de30-8150-403d-9b36-5c6854d86177,be33b51d-6a5c-4d06-bfa5-3a203f839500,1688057835082633333
9c65de30-8150-403d-9b36-5c6854d86177,be33b51d-6a5c-4d06-bfa5-3a203f839500,1688057835114644444
9c65de30-8150-403d-9b36-5c6854d86177,be33b51d-6a5c-4d06-bfa5-3a203f839500,1688057835146700000
9c65de30-8150-403d-9b36-5c6854d86177,be33b51d-6a5c-4d06-bfa5-3a203f839500,1688057835183100000
9c65de30-8150-403d-9b36-5c6854d86177,be33b51d-6a5c-4d06-bfa5-3a203f839500,1688057835214755555
9c65de30-8150-403d-9b36-5c6854d86177,be33b51d-6a5c-4d06-bfa5-3a203f839500,1688057835246777777
9c65de30-8150-403d-9b36-5c6854d86177,be33b51d-6a5c-4d06-bfa5-3a203f839500,1688057835282744444
9c65de30-8150-403d-9b36-5c6854d86177,be33b51d-6a5c-4d06-bfa5-3a203f839500,1688057835314722222
9c65de30-8150-403d-9b36-5c6854d86177,be33b51d-6a5c-4d06-bfa5-3a203f839500,1688057835346844444
9c65de30-8150-403d-9b36-5c6854d86177,be33b51d-6a5c-4d06-bfa5-3a203f839500,1688057835382644444
9c65de30-8150-403d-9b36-5c6854d86177,be33b51d-6a5c-4d06-bfa5-3a203f839500,1688057835414700000
9c65de30-8150-403d-9b36-5c6854d86177,be33b51d-6a5c-4d06-bfa5-3a203f839500,1688057835447444444
9c65de30-8150-403d-9b36-5c6854d86177,be33b51d-6a5c-4d06-bfa5-3a203f839500,1688057835482811111
9c65de30-8150-403d-9b36-5c6854d86177,be33b51d-6a5c-4d06-bfa5-3a203f839500,1688057835514733333
9c65de30-8150-403d-9b36-5c6854d86177,be33b51d-6a5c-4d06-bfa5-3a203f839500,1688057835546700000
9c65de30-8150-403d-9b36-5c6854d86177,be33b51d-6a5c-4d06-bfa5-3a203f839500,1688057835582633333
9c65de30-8150-403d-9b36-5c6854d86177,be33b51d-6a5c-4d06-bfa5-3a203f839500,1688057835614666666
9c65de30-8150-403d-9b36-5c6854d86177,be33b51d-6a5c-4d06-bfa5-3a203f839500,1688057835646944444
9c65de30-8150-403d-9b36-5c6854d86177,be33b51d-6a5c-4d06-bfa5-3a203f839500,1688057835682766666
9c65de30-8150-403d-9b36-5c6854d86177,be33b51d-6a5c-4d06-bfa5-3a203f839500,1688057835714655555
9c65de30-8150-403d-9b36-5c6854d86177,be33b51d-6a5c-4d06-bfa5-3a203f839500,1688057835746688888
9c65de30-8150-403d-9b36-5c6854d86177,be33b51d-6a5c-4d06-bfa5-3a203f839500,1688057835782700000
9c65de30-8150-403d-9b36-5c6854d86177,be33b51d-6a5c-4d06-bfa5-3a203f839500,1688057835814800000
9c65de30-8150-403d-9b36-5c6854d86177,be33b51d-6a5c-4d06-bfa5-3a203f839500,1688057835846644444
9c65de30-8150-403d-9b36-5c6854d86177,be33b51d-6a5c-4d06-bfa5-3a203f839500,1688057835882955555
9c65de30-8150-403d-9b36-5c6854d86177,be33b51d-6a5c-4d06-bfa5-3a203f839500,1688057835914688888
9c65de30-8150-403d-9b36-5c6854d86177,be33b51d-6a5c-4d06-bfa5-3a203f839500,1688057835950944444
9c65de30-8150-403d-9b36-5c6854d86177,be33b51d-6a5c-4d06-bfa5-3a203f839500,1688057835982744444
9c65de30-8150-403d-9b36-5c6854d86177,be33b51d-6a5c-4d06-bfa5-3a203f839500,1688057836014633333
9c65de30-8150-403d-9b36-5c6854d86177,be33b51d-6a5c-4d06-bfa5-3a203f839500,1688057836050633333
9c65de30-8150-403d-9b36-5c6854d86177,be33b51d-6a5c-4d06-bfa5-3a203f839500,1688057836083000000
9c65de30-8150-403d-9b36-5c6854d86177,be33b51d-6a5c-4d06-bfa5-3a203f839500,1688057836114722222
9c65de30-8150-403d-9b36-5c6854d86177,be33b51d-6a5c-4d06-bfa5-3a203f839500,1688057836150744444
9c65de30-8150-403d-9b36-5c6854d86177,be33b51d-6a5c-4d06-bfa5-3a203f839500,1688057836182633333
9c65de30-8150-403d-9b36-5c6854d86177,be33b51d-6a5c-4d06-bfa5-3a203f839500,1688057836214611111
9c65de30-8150-403d-9b36-5c6854d86177,be33b51d-6a5c-4d06-bfa5-3a203f839500,1688057836250733333
9c65de30-8150-403d-9b36-5c6854d86177,be33b51d-6a5c-4d06-bfa5-3a203f839500,1688057836282866666
9c65de30-8150-403d-9b36-5c6854d86177,be33b51d-6a5c-4d06-bfa5-3a203f839500,1688057836314633333
9c65de30-8150-403d-9b36-5c6854d86177,be33b51d-6a5c-4d06-bfa5-3a203f839500,1688057836350866666
9c65de30-8150-403d-9b36-5c6854d86177,be33b51d-6a5c-4d06-bfa5-3a203f839500,1688057836385588888
9c65de30-8150-403d-9b36-5c6854d86177,be33b51d-6a5c-4d06-bfa5-3a203f839500,1688057836414600000
9c65de30-8150-403d-9b36-5c6854d86177,be33b51d-6a5c-4d06-bfa5-3a203f839500,1688057836450744444
9c65de30-8150-403d-9b36-5c6854d86177,be33b51d-6a5c-4d06-bfa5-3a203f839500,1688057836482644444
9c65de30-8150-403d-9b36-5c6854d86177,be33b51d-6a5c-4d06-bfa5-3a203f839500,1688057836514622222
9c65de30-8150-403d-9b36-5c6854d86177,be33b51d-6a5c-4d06-bfa5-3a203f839500,1688057836550722222
9c65de30-8150-403d-9b36-5c6854d86177,be33b51d-6a5c-4d06-bfa5-3a203f839500,1688057836582655555
9c65de30-8150-403d-9b36-5c6854d86177,be33b51d-6a5c-4d06-bfa5-3a203f839500,1688057836614900000
9c65de30-8150-403d-9b36-5c6854d86177,be33b51d-6a5c-4d06-bfa5-3a203f839500,1688057836650677777
9c65de30-8150-403d-9b36-5c6854d86177,be33b51d-6a5c-4d06-bfa5-3a203f839500,1688057836682633333
9c65de30-8150-403d-9b36-5c6854d86177,be33b51d-6a5c-4d06-bfa5-3a203f839500,1688057836714711111
9c65de30-8150-403d-9b36-5c6854d86177,be33b51d-6a5c-4d06-bfa5-3a203f839500,1688057836750733333
9c65de30-8150-403d-9b36-5c6854d86177,be33b51d-6a5c-4d06-bfa5-3a203f839500,1688057836782988888
9c65de30-8150-403d-9b36-5c6854d86177,be33b51d-6a5c-4d06-bfa5-3a203f839500,1688057836815177777
9c65de30-8150-403d-9b36-5c6854d86177,be33b51d-6a5c-4d06-bfa5-3a203f839500,1688057836850722222
9c65de30-8150-403d-9b36-5c6854d86177,be33b51d-6a5c-4d06-bfa5-3a203f839500,1688057836882655555
9c65de30-8150-403d-9b36-5c6854d86177,be33b51d-6a5c-4d06-bfa5-3a203f839500,1688057836915077777
9c65de30-8150-403d-9b36-5c6854d86177,be33b51d-6a5c-4d06-bfa5-3a203f839500,1688057836950722222
9c65de30-8150-403d-9b36-5c6854d86177,be33b51d-6a5c-4d06-bfa5-3a203f839500,1688057836982633333
9c65de30-8150-403d-9b36-5c6854d86177,be33b51d-6a5c-4d06-bfa5-3a203f839500,1688057837014722222
9c65de30-8150-403d-9b36-5c6854d86177,be33b51d-6a5c-4d06-bfa5-3a203f839500,1688057837050766666
9c65de30-8150-403d-9b36-5c6854d86177,be33b51d-6a5c-4d06-bfa5-3a203f839500,1688057837082699999
9c65de30-8150-403d-9b36-5c6854d86177,be33b51d-6a5c-4d06-bfa5-3a203f839500,1688057837114588888
9c65de30-8150-403d-9b36-5c6854d86177,be33b51d-6a5c-4d06-bfa5-3a203f839500,1688057837150866666
9c65de30-8150-403d-9b36-5c6854d86177,be33b51d-6a5c-4d06-bfa5-3a203f839500,1688057837182688888
9c65de30-8150-403d-9b36-5c6854d86177,be33b51d-6a5c-4d06-bfa5-3a203f839500,1688057837214577777
9c65de30-8150-403d-9b36-5c6854d86177,be33b51d-6a5c-4d06-bfa5-3a203f839500,1688057837250755555
9c65de30-8150-403d-9b36-5c6854d86177,be33b51d-6a5c-4d06-bfa5-3a203f839500,1688057837283188888
9c65de30-8150-403d-9b36-5c6854d86177,be33b51d-6a5c-4d06-bfa5-3a203f839500,1688057837314711111
9c65de30-8150-403d-9b36-5c6854d86177,be33b51d-6a5c-4d06-bfa5-3a203f839500,1688057837350622222
9c65de30-8150-403d-9b36-5c6854d86177,be33b51d-6a5c-4d06-bfa5-3a203f839500,1688057837384200000
9c65de30-8150-403d-9b36-5c6854d86177,be33b51d-6a5c-4d06-bfa5-3a203f839500,1688057837414622222
9c65de30-8150-403d-9b36-5c6854d86177,be33b51d-6a5c-4d06-bfa5-3a203f839500,1688057837450677777
9c65de30-8150-403d-9b36-5c6854d86177,be33b51d-6a5c-4d06-bfa5-3a203f839500,1688057837482666666
9c65de30-8150-403d-9b36-5c6854d86177,be33b51d-6a5c-4d06-bfa5-3a203f839500,1688057837514944444
9c65de30-8150-403d-9b36-5c6854d86177,be33b51d-6a5c-4d06-bfa5-3a203f839500,1688057837550666666
9c65de30-8150-403d-9b36-5c6854d86177,be33b51d-6a5c-4d06-bfa5-3a203f839500,1688057837582699999
9c65de30-8150-403d-9b36-5c6854d86177,be33b51d-6a5c-4d06-bfa5-3a203f839500,1688057837615033333
9c65de30-8150-403d-9b36-5c6854d86177,be33b51d-6a5c-4d06-bfa5-3a203f839500,1688057837650766666
9c65de30-8150-403d-9b36-5c6854d86177,be33b51d-6a5c-4d06-bfa5-3a203f839500,1688057837682977777
9c65de30-8150-403d-9b36-5c6854d86177,be33b51d-6a5c-4d06-bfa5-3a203f839500,1688057837714800000
9c65de30-8150-403d-9b36-5c6854d86177,be33b51d-6a5c-4d06-bfa5-3a203f839500,1688057837750888888
9c65de30-8150-403d-9b36-5c6854d86177,be33b51d-6a5c-4d06-bfa5-3a203f839500,1688057837782888888
9c65de30-8150-403d-9b36-5c6854d86177,be33b51d-6a5c-4d06-bfa5-3a203f839500,1688057837814744444
9c65de30-8150-403d-9b36-5c6854d86177,be33b51d-6a5c-4d06-bfa5-3a203f839500,1688057837850800000
9c65de30-8150-403d-9b36-5c6854d86177,be33b51d-6a5c-4d06-bfa5-3a203f839500,1688057837882922222
9c65de30-8150-403d-9b36-5c6854d86177,be33b51d-6a5c-4d06-bfa5-3a203f839500,1688057837915055555
9c65de30-8150-403d-9b36-5c6854d86177,be33b51d-6a5c-4d06-bfa5-3a203f839500,1688057837950733333
9c65de30-8150-403d-9b36-5c6854d86177,be33b51d-6a5c-4d06-bfa5-3a203f839500,1688057837982977777
9c65de30-8150-403d-9b36-5c6854d86177,be33b51d-6a5c-4d06-bfa5-3a203f839500,1688057838014644444
9c65de30-8150-403d-9b36-5c6854d86177,be33b51d-6a5c-4d06-bfa5-3a203f839500,1688057838050900000
9c65de30-8150-403d-9b36-5c6854d86177,be33b51d-6a5c-4d06-bfa5-3a203f839500,1688057838082755555
9c65de30-8150-403d-9b36-5c6854d86177,be33b51d-6a5c-4d06-bfa5-3a203f839500,1688057838115088888
9c65de30-8150-403d-9b36-5c6854d86177,be33b51d-6a5c-4d06-bfa5-3a203f839500,1688057838150666666
9c65de30-8150-403d-9b36-5c6854d86177,be33b51d-6a5c-4d06-bfa5-3a203f839500,1688057838182666666
9c65de30-8150-403d-9b36-5c6854d86177,be33b51d-6a5c-4d06-bfa5-3a203f839500,1688057838215033333
9c65de30-8150-403d-9b36-5c6854d86177,be33b51d-6a5c-4d06-bfa5-3a203f839500,1688057838250866666
9c65de30-8150-403d-9b36-5c6854d86177,be33b51d-6a5c-4d06-bfa5-3a203f839500,1688057838282788888
9c65de30-8150-403d-9b36-5c6854d86177,be33b51d-6a5c-4d06-bfa5-3a203f839500,1688057838314711111
9c65de30-8150-403d-9b36-5c6854d86177,be33b51d-6a5c-4d06-bfa5-3a203f839500,1688057838350733333
9c65de30-8150-403d-9b36-5c6854d86177,be33b51d-6a5c-4d06-bfa5-3a203f839500,1688057838382844444
9c65de30-8150-403d-9b36-5c6854d86177,be33b51d-6a5c-4d06-bfa5-3a203f839500,1688057838414666666
9c65de30-8150-403d-9b36-5c6854d86177,be33b51d-6a5c-4d06-bfa5-3a203f839500,1688057838450644444
9c65de30-8150-403d-9b36-5c6854d86177,be33b51d-6a5c-4d06-bfa5-3a203f839500,1688057838482833333
9c65de30-8150-403d-9b36-5c6854d86177,be33b51d-6a5c-4d06-bfa5-3a203f839500,1688057838514677777
9c65de30-8150-403d-9b36-5c6854d86177,be33b51d-6a5c-4d06-bfa5-3a203f839500,1688057838551066666
9c65de30-8150-403d-9b36-5c6854d86177,be33b51d-6a5c-4d06-bfa5-3a203f839500,1688057838583444444
9c65de30-8150-403d-9b36-5c6854d86177,be33b51d-6a5c-4d06-bfa5-3a203f839500,1688057838614766666
9c65de30-8150-403d-9b36-5c6854d86177,be33b51d-6a5c-4d06-bfa5-3a203f839500,1688057838650844444
9c65de30-8150-403d-9b36-5c6854d86177,be33b51d-6a5c-4d06-bfa5-3a203f839500,1688057838683677777
9c65de30-8150-403d-9b36-5c6854d86177,be33b51d-6a5c-4d06-bfa5-3a203f839500,1688057838714655555
9c65de30-8150-403d-9b36-5c6854d86177,be33b51d-6a5c-4d06-bfa5-3a203f839500,1688057838750822222
9c65de30-8150-403d-9b36-5c6854d86177,be33b51d-6a5c-4d06-bfa5-3a203f839500,1688057838782622222
9c65de30-8150-403d-9b36-5c6854d86177,be33b51d-6a5c-4d06-bfa5-3a203f839500,1688057838814688888
9c65de30-8150-403d-9b36-5c6854d86177,be33b51d-6a5c-4d06-bfa5-3a203f839500,1688057838850688888
9c65de30-8150-403d-9b36-5c6854d86177,be33b51d-6a5c-4d06-bfa5-3a203f839500,1688057838882622222
9c65de30-8150-403d-9b36-5c6854d86177,be33b51d-6a5c-4d06-bfa5-3a203f839500,1688057838914788888
9c65de30-8150-403d-9b36-5c6854d86177,be33b51d-6a5c-4d06-bfa5-3a203f839500,1688057838950633333
9c65de30-8150-403d-9b36-5c6854d86177,be33b51d-6a5c-4d06-bfa5-3a203f839500,1688057838982711111
9c65de30-8150-403d-9b36-5c6854d86177,be33b51d-6a5c-4d06-bfa5-3a203f839500,1688057839014733333
9c65de30-8150-403d-9b36-5c6854d86177,be33b51d-6a5c-4d06-bfa5-3a203f839500,1688057839050722222
9c65de30-8150-403d-9b36-5c6854d86177,be33b51d-6a5c-4d06-bfa5-3a203f839500,1688057839082800000
9c65de30-8150-403d-9b36-5c6854d86177,be33b51d-6a5c-4d06-bfa5-3a203f839500,1688057839114788888
9c65de30-8150-403d-9b36-5c6854d86177,be33b51d-6a5c-4d06-bfa5-3a203f839500,1688057839150955555
9c65de30-8150-403d-9b36-5c6854d86177,be33b51d-6a5c-4d06-bfa5-3a203f839500,1688057839182811111
9c65de30-8150-403d-9b36-5c6854d86177,be33b51d-6a5c-4d06-bfa5-3a203f839500,1688057839214666666
9c65de30-8150-403d-9b36-5c6854d86177,be33b51d-6a5c-4d06-bfa5-3a203f839500,1688057839250722222
9c65de30-8150-403d-9b36-5c6854d86177,be33b51d-6a5c-4d06-bfa5-3a203f839500,1688057839282666666
9c65de30-8150-403d-9b36-5c6854d86177,be33b51d-6a5c-4d06-bfa5-3a203f839500,1688057839314655555
9c65de30-8150-403d-9b36-5c6854d86177,be33b51d-6a5c-4d06-bfa5-3a203f839500,1688057839351333333
9c65de30-8150-403d-9b36-5c6854d86177,be33b51d-6a5c-4d06-bfa5-3a203f839500,1688057839383844444
9c65de30-8150-403d-9b36-5c6854d86177,be33b51d-6a5c-4d06-bfa5-3a203f839500,1688057839414700000
9c65de30-8150-403d-9b36-5c6854d86177,be33b51d-6a5c-4d06-bfa5-3a203f839500,1688057839450800000
9c65de30-8150-403d-9b36-5c6854d86177,be33b51d-6a5c-4d06-bfa5-3a203f839500,1688057839482644444
9c65de30-8150-403d-9b36-5c6854d86177,be33b51d-6a5c-4d06-bfa5-3a203f839500,1688057839514655555
9c65de30-8150-403d-9b36-5c6854d86177,be33b51d-6a5c-4d06-bfa5-3a203f839500,1688057839550655555
9c65de30-8150-403d-9b36-5c6854d86177,be33b51d-6a5c-4d06-bfa5-3a203f839500,1688057839582622222
9c65de30-8150-403d-9b36-5c6854d86177,be33b51d-6a5c-4d06-bfa5-3a203f839500,1688057839614911111
9c65de30-8150-403d-9b36-5c6854d86177,be33b51d-6a5c-4d06-bfa5-3a203f839500,1688057839650722222
9c65de30-8150-403d-9b36-5c6854d86177,be33b51d-6a5c-4d06-bfa5-3a203f839500,1688057839682744444
9c65de30-8150-403d-9b36-5c6854d86177,be33b51d-6a5c-4d06-bfa5-3a203f839500,1688057839714777777
9c65de30-8150-403d-9b36-5c6854d86177,be33b51d-6a5c-4d06-bfa5-3a203f839500,1688057839751066666
9c65de30-8150-403d-9b36-5c6854d86177,be33b51d-6a5c-4d06-bfa5-3a203f839500,1688057839782588888
9c65de30-8150-403d-9b36-5c6854d86177,be33b51d-6a5c-4d06-bfa5-3a203f839500,1688057839814677777
9c65de30-8150-403d-9b36-5c6854d86177,be33b51d-6a5c-4d06-bfa5-3a203f839500,1688057839850644444
9c65de30-8150-403d-9b36-5c6854d86177,be33b51d-6a5c-4d06-bfa5-3a203f839500,1688057839882855555
9c65de30-8150-403d-9b36-5c6854d86177,be33b51d-6a5c-4d06-bfa5-3a203f839500,1688057839914855555
9c65de30-8150-403d-9b36-5c6854d86177,be33b51d-6a5c-4d06-bfa5-3a203f839500,1688057839950788888
9c65de30-8150-403d-9b36-5c6854d86177,be33b51d-6a5c-4d06-bfa5-3a203f839500,1688057839982611111
9c65de30-8150-403d-9b36-5c6854d86177,be33b51d-6a5c-4d06-bfa5-3a203f839500,1688057840014766666
9c65de30-8150-403d-9b36-5c6854d86177,be33b51d-6a5c-4d06-bfa5-3a203f839500,1688057840050655555
9c65de30-8150-403d-9b36-5c6854d86177,be33b51d-6a5c-4d06-bfa5-3a203f839500,1688057840082688888
9c65de30-8150-403d-9b36-5c6854d86177,be33b51d-6a5c-4d06-bfa5-3a203f839500,1688057840114666666
9c65de30-8150-403d-9b36-5c6854d86177,be33b51d-6a5c-4d06-bfa5-3a203f839500,1688057840150744444
9c65de30-8150-403d-9b36-5c6854d86177,be33b51d-6a5c-4d06-bfa5-3a203f839500,1688057840182622222
9c65de30-8150-403d-9b36-5c6854d86177,be33b51d-6a5c-4d06-bfa5-3a203f839500,1688057840215033333
9c65de30-8150-403d-9b36-5c6854d86177,be33b51d-6a5c-4d06-bfa5-3a203f839500,1688057840250722222
9c65de30-8150-403d-9b36-5c6854d86177,be33b51d-6a5c-4d06-bfa5-3a203f839500,1688057840282577777
9c65de30-8150-403d-9b36-5c6854d86177,be33b51d-6a5c-4d06-bfa5-3a203f839500,1688057840314800000
9c65de30-8150-403d-9b36-5c6854d86177,be33b51d-6a5c-4d06-bfa5-3a203f839500,1688057840350688888
9c65de30-8150-403d-9b36-5c6854d86177,be33b51d-6a5c-4d06-bfa5-3a203f839500,1688057840382644444
9c65de30-8150-403d-9b36-5c6854d86177,be33b51d-6a5c-4d06-bfa5-3a203f839500,1688057840414855555
9c65de30-8150-403d-9b36-5c6854d86177,be33b51d-6a5c-4d06-bfa5-3a203f839500,1688057840450666666
9c65de30-8150-403d-9b36-5c6854d86177,be33b51d-6a5c-4d06-bfa5-3a203f839500,1688057840482644444
9c65de30-8150-403d-9b36-5c6854d86177,be33b51d-6a5c-4d06-bfa5-3a203f839500,1688057840514888888
9c65de30-8150-403d-9b36-5c6854d86177,be33b51d-6a5c-4d06-bfa5-3a203f839500,1688057840550777777
9c65de30-8150-403d-9b36-5c6854d86177,be33b51d-6a5c-4d06-bfa5-3a203f839500,1688057840582744444
9c65de30-8150-403d-9b36-5c6854d86177,be33b51d-6a5c-4d06-bfa5-3a203f839500,1688057840614644444
9c65de30-8150-403d-9b36-5c6854d86177,be33b51d-6a5c-4d06-bfa5-3a203f839500,1688057840650733333
9c65de30-8150-403d-9b36-5c6854d86177,be33b51d-6a5c-4d06-bfa5-3a203f839500,1688057840682622222
9c65de30-8150-403d-9b36-5c6854d86177,be33b51d-6a5c-4d06-bfa5-3a203f839500,1688057840714877777
9c65de30-8150-403d-9b36-5c6854d86177,be33b51d-6a5c-4d06-bfa5-3a203f839500,1688057840751077777
9c65de30-8150-403d-9b36-5c6854d86177,be33b51d-6a5c-4d06-bfa5-3a203f839500,1688057840782633333
9c65de30-8150-403d-9b36-5c6854d86177,be33b51d-6a5c-4d06-bfa5-3a203f839500,1688057840814788888
9c65de30-8150-403d-9b36-5c6854d86177,be33b51d-6a5c-4d06-bfa5-3a203f839500,1688057840850722222
9c65de30-8150-403d-9b36-5c6854d86177,be33b51d-6a5c-4d06-bfa5-3a203f839500,1688057840882911111
9c65de30-8150-403d-9b36-5c6854d86177,be33b51d-6a5c-4d06-bfa5-3a203f839500,1688057840918622222
9c65de30-8150-403d-9b36-5c6854d86177,be33b51d-6a5c-4d06-bfa5-3a203f839500,1688057840950700000
9c65de30-8150-403d-9b36-5c6854d86177,be33b51d-6a5c-4d06-bfa5-3a203f839500,1688057840982611111
9c65de30-8150-403d-9b36-5c6854d86177,be33b51d-6a5c-4d06-bfa5-3a203f839500,1688057841018844444
9c65de30-8150-403d-9b36-5c6854d86177,be33b51d-6a5c-4d06-bfa5-3a203f839500,1688057841050733333
9c65de30-8150-403d-9b36-5c6854d86177,be33b51d-6a5c-4d06-bfa5-3a203f839500,1688057841082688888
9c65de30-8150-403d-9b36-5c6854d86177,be33b51d-6a5c-4d06-bfa5-3a203f839500,1688057841118744444
9c65de30-8150-403d-9b36-5c6854d86177,be33b51d-6a5c-4d06-bfa5-3a203f839500,1688057841150733333
9c65de30-8150-403d-9b36-5c6854d86177,be33b51d-6a5c-4d06-bfa5-3a203f839500,1688057841182677777
9c65de30-8150-403d-9b36-5c6854d86177,be33b51d-6a5c-4d06-bfa5-3a203f839500,1688057841218722222
9c65de30-8150-403d-9b36-5c6854d86177,be33b51d-6a5c-4d06-bfa5-3a203f839500,1688057841251233333
9c65de30-8150-403d-9b36-5c6854d86177,be33b51d-6a5c-4d06-bfa5-3a203f839500,1688057841282644444
9c65de30-8150-403d-9b36-5c6854d86177,be33b51d-6a5c-4d06-bfa5-3a203f839500,1688057841318666666
9c65de30-8150-403d-9b36-5c6854d86177,be33b51d-6a5c-4d06-bfa5-3a203f839500,1688057841350788888
9c65de30-8150-403d-9b36-5c6854d86177,be33b51d-6a5c-4d06-bfa5-3a203f839500,1688057841382666666
9c65de30-8150-403d-9b36-5c6854d86177,be33b51d-6a5c-4d06-bfa5-3a203f839500,1688057841418600000
9c65de30-8150-403d-9b36-5c6854d86177,be33b51d-6a5c-4d06-bfa5-3a203f839500,1688057841450711111
9c65de30-8150-403d-9b36-5c6854d86177,be33b51d-6a5c-4d06-bfa5-3a203f839500,1688057841482655555
9c65de30-8150-403d-9b36-5c6854d86177,be33b51d-6a5c-4d06-bfa5-3a203f839500,1688057841519633333
9c65de30-8150-403d-9b36-5c6854d86177,be33b51d-6a5c-4d06-bfa5-3a203f839500,1688057841551455555
9c65de30-8150-403d-9b36-5c6854d86177,be33b51d-6a5c-4d06-bfa5-3a203f839500,1688057841583877777
9c65de30-8150-403d-9b36-5c6854d86177,be33b51d-6a5c-4d06-bfa5-3a203f839500,1688057841618777777
9c65de30-8150-403d-9b36-5c6854d86177,be33b51d-6a5c-4d06-bfa5-3a203f839500,1688057841650711111
9c65de30-8150-403d-9b36-5c6854d86177,be33b51d-6a5c-4d06-bfa5-3a203f839500,1688057841682988888
9c65de30-8150-403d-9b36-5c6854d86177,be33b51d-6a5c-4d06-bfa5-3a203f839500,1688057841718977777
9c65de30-8150-403d-9b36-5c6854d86177,be33b51d-6a5c-4d06-bfa5-3a203f839500,1688057841750722222
9c65de30-8150-403d-9b36-5c6854d86177,be33b51d-6a5c-4d06-bfa5-3a203f839500,1688057841782655555
9c65de30-8150-403d-9b36-5c6854d86177,be33b51d-6a5c-4d06-bfa5-3a203f839500,1688057841818655555
9c65de30-8150-403d-9b36-5c6854d86177,be33b51d-6a5c-4d06-bfa5-3a203f839500,1688057841850988888
9c65de30-8150-403d-9b36-5c6854d86177,be33b51d-6a5c-4d06-bfa5-3a203f839500,1688057841883511111
9c65de30-8150-403d-9b36-5c6854d86177,be33b51d-6a5c-4d06-bfa5-3a203f839500,1688057841918855555
9c65de30-8150-403d-9b36-5c6854d86177,be33b51d-6a5c-4d06-bfa5-3a203f839500,1688057841950711111
9c65de30-8150-403d-9b36-5c6854d86177,be33b51d-6a5c-4d06-bfa5-3a203f839500,1688057841983633333
9c65de30-8150-403d-9b36-5c6854d86177,be33b51d-6a5c-4d06-bfa5-3a203f839500,1688057842018744444
9c65de30-8150-403d-9b36-5c6854d86177,be33b51d-6a5c-4d06-bfa5-3a203f839500,1688057842051633333
9c65de30-8150-403d-9b36-5c6854d86177,be33b51d-6a5c-4d06-bfa5-3a203f839500,1688057842083044444
9c65de30-8150-403d-9b36-5c6854d86177,be33b51d-6a5c-4d06-bfa5-3a203f839500,1688057842118688888
9c65de30-8150-403d-9b36-5c6854d86177,be33b51d-6a5c-4d06-bfa5-3a203f839500,1688057842150688888
9c65de30-8150-403d-9b36-5c6854d86177,be33b51d-6a5c-4d06-bfa5-3a203f839500,1688057842182722222
9c65de30-8150-403d-9b36-5c6854d86177,be33b51d-6a5c-4d06-bfa5-3a203f839500,1688057842218911111
9c65de30-8150-403d-9b36-5c6854d86177,be33b51d-6a5c-4d06-bfa5-3a203f839500,1688057842250733333
9c65de30-8150-403d-9b36-5c6854d86177,be33b51d-6a5c-4d06-bfa5-3a203f839500,1688057842283877777
9c65de30-8150-403d-9b36-5c6854d86177,be33b51d-6a5c-4d06-bfa5-3a203f839500,1688057842318733333
9c65de30-8150-403d-9b36-5c6854d86177,be33b51d-6a5c-4d06-bfa5-3a203f839500,1688057842350733333
9c65de30-8150-403d-9b36-5c6854d86177,be33b51d-6a5c-4d06-bfa5-3a203f839500,1688057842382777777
9c65de30-8150-403d-9b36-5c6854d86177,be33b51d-6a5c-4d06-bfa5-3a203f839500,1688057842418677777
9c65de30-8150-403d-9b36-5c6854d86177,be33b51d-6a5c-4d06-bfa5-3a203f839500,1688057842450722222
9c65de30-8150-403d-9b36-5c6854d86177,be33b51d-6a5c-4d06-bfa5-3a203f839500,1688057842483044444
9c65de30-8150-403d-9b36-5c6854d86177,be33b51d-6a5c-4d06-bfa5-3a203f839500,1688057842518866666
9c65de30-8150-403d-9b36-5c6854d86177,be33b51d-6a5c-4d06-bfa5-3a203f839500,1688057842551111111
9c65de30-8150-403d-9b36-5c6854d86177,be33b51d-6a5c-4d06-bfa5-3a203f839500,1688057842582800000
9c65de30-8150-403d-9b36-5c6854d86177,be33b51d-6a5c-4d06-bfa5-3a203f839500,1688057842619033333
9c65de30-8150-403d-9b36-5c6854d86177,be33b51d-6a5c-4d06-bfa5-3a203f839500,1688057842650733333
9c65de30-8150-403d-9b36-5c6854d86177,be33b51d-6a5c-4d06-bfa5-3a203f839500,1688057842682622222
9c65de30-8150-403d-9b36-5c6854d86177,be33b51d-6a5c-4d06-bfa5-3a203f839500,1688057842718722222
9c65de30-8150-403d-9b36-5c6854d86177,be33b51d-6a5c-4d06-bfa5-3a203f839500,1688057842750755555
9c65de30-8150-403d-9b36-5c6854d86177,be33b51d-6a5c-4d06-bfa5-3a203f839500,1688057842783111111
9c65de30-8150-403d-9b36-5c6854d86177,be33b51d-6a5c-4d06-bfa5-3a203f839500,1688057842818622222
9c65de30-8150-403d-9b36-5c6854d86177,be33b51d-6a5c-4d06-bfa5-3a203f839500,1688057842850888888
9c65de30-8150-403d-9b36-5c6854d86177,be33b51d-6a5c-4d06-bfa5-3a203f839500,1688057842882811111
9c65de30-8150-403d-9b36-5c6854d86177,be33b51d-6a5c-4d06-bfa5-3a203f839500,1688057842918700000
9c65de30-8150-403d-9b36-5c6854d86177,be33b51d-6a5c-4d06-bfa5-3a203f839500,1688057842950833333
9c65de30-8150-403d-9b36-5c6854d86177,be33b51d-6a5c-4d06-bfa5-3a203f839500,1688057842982711111
9c65de30-8150-403d-9b36-5c6854d86177,be33b51d-6a5c-4d06-bfa5-3a203f839500,1688057843019244444
9c65de30-8150-403d-9b36-5c6854d86177,be33b51d-6a5c-4d06-bfa5-3a203f839500,1688057843050733333
9c65de30-8150-403d-9b36-5c6854d86177,be33b51d-6a5c-4d06-bfa5-3a203f839500,1688057843082800000
9c65de30-8150-403d-9b36-5c6854d86177,be33b51d-6a5c-4d06-bfa5-3a203f839500,1688057843119533333
9c65de30-8150-403d-9b36-5c6854d86177,be33b51d-6a5c-4d06-bfa5-3a203f839500,1688057843150633333
9c65de30-8150-403d-9b36-5c6854d86177,be33b51d-6a5c-4d06-bfa5-3a203f839500,1688057843182622222
9c65de30-8150-403d-9b36-5c6854d86177,be33b51d-6a5c-4d06-bfa5-3a203f839500,1688057843218788888
9c65de30-8150-403d-9b36-5c6854d86177,be33b51d-6a5c-4d06-bfa5-3a203f839500,1688057843250722222
9c65de30-8150-403d-9b36-5c6854d86177,be33b51d-6a5c-4d06-bfa5-3a203f839500,1688057843283433333
9c65de30-8150-403d-9b36-5c6854d86177,be33b51d-6a5c-4d06-bfa5-3a203f839500,1688057843318788888
9c65de30-8150-403d-9b36-5c6854d86177,be33b51d-6a5c-4d06-bfa5-3a203f839500,1688057843350677777
9c65de30-8150-403d-9b36-5c6854d86177,be33b51d-6a5c-4d06-bfa5-3a203f839500,1688057843383233333
9c65de30-8150-403d-9b36-5c6854d86177,be33b51d-6a5c-4d06-bfa5-3a203f839500,1688057843418688888
9c65de30-8150-403d-9b36-5c6854d86177,be33b51d-6a5c-4d06-bfa5-3a203f839500,1688057843450744444
9c65de30-8150-403d-9b36-5c6854d86177,be33b51d-6a5c-4d06-bfa5-3a203f839500,1688057843482777777
9c65de30-8150-403d-9b36-5c6854d86177,be33b51d-6a5c-4d06-bfa5-3a203f839500,1688057843518844444
9c65de30-8150-403d-9b36-5c6854d86177,be33b51d-6a5c-4d06-bfa5-3a203f839500,1688057843550722222
9c65de30-8150-403d-9b36-5c6854d86177,be33b51d-6a5c-4d06-bfa5-3a203f839500,1688057843583633333
9c65de30-8150-403d-9b36-5c6854d86177,be33b51d-6a5c-4d06-bfa5-3a203f839500,1688057843618811111
9c65de30-8150-403d-9b36-5c6854d86177,be33b51d-6a5c-4d06-bfa5-3a203f839500,1688057843651033333
9c65de30-8150-403d-9b36-5c6854d86177,be33b51d-6a5c-4d06-bfa5-3a203f839500,1688057843682877777
9c65de30-8150-403d-9b36-5c6854d86177,be33b51d-6a5c-4d06-bfa5-3a203f839500,1688057843718755555
9c65de30-8150-403d-9b36-5c6854d86177,be33b51d-6a5c-4d06-bfa5-3a203f839500,1688057843750677777
9c65de30-8150-403d-9b36-5c6854d86177,be33b51d-6a5c-4d06-bfa5-3a203f839500,1688057843782966666
9c65de30-8150-403d-9b36-5c6854d86177,be33b51d-6a5c-4d06-bfa5-3a203f839500,1688057843818633333
9c65de30-8150-403d-9b36-5c6854d86177,be33b51d-6a5c-4d06-bfa5-3a203f839500,1688057843850588888
9c65de30-8150-403d-9b36-5c6854d86177,be33b51d-6a5c-4d06-bfa5-3a203f839500,1688057843882811111
9c65de30-8150-403d-9b36-5c6854d86177,be33b51d-6a5c-4d06-bfa5-3a203f839500,1688057843919333333
9c65de30-8150-403d-9b36-5c6854d86177,be33b51d-6a5c-4d06-bfa5-3a203f839500,1688057843950722222
9c65de30-8150-403d-9b36-5c6854d86177,be33b51d-6a5c-4d06-bfa5-3a203f839500,1688057843982688888
9c65de30-8150-403d-9b36-5c6854d86177,be33b51d-6a5c-4d06-bfa5-3a203f839500,1688057844018655555
9c65de30-8150-403d-9b36-5c6854d86177,be33b51d-6a5c-4d06-bfa5-3a203f839500,1688057844050811111
9c65de30-8150-403d-9b36-5c6854d86177,be33b51d-6a5c-4d06-bfa5-3a203f839500,1688057844082677777
9c65de30-8150-403d-9b36-5c6854d86177,be33b51d-6a5c-4d06-bfa5-3a203f839500,1688057844118711111
9c65de30-8150-403d-9b36-5c6854d86177,be33b51d-6a5c-4d06-bfa5-3a203f839500,1688057844150844444
9c65de30-8150-403d-9b36-5c6854d86177,be33b51d-6a5c-4d06-bfa5-3a203f839500,1688057844182766666
9c65de30-8150-403d-9b36-5c6854d86177,be33b51d-6a5c-4d06-bfa5-3a203f839500,1688057844218688888
9c65de30-8150-403d-9b36-5c6854d86177,be33b51d-6a5c-4d06-bfa5-3a203f839500,1688057844250700000
9c65de30-8150-403d-9b36-5c6854d86177,be33b51d-6a5c-4d06-bfa5-3a203f839500,1688057844283255555
9c65de30-8150-403d-9b36-5c6854d86177,be33b51d-6a5c-4d06-bfa5-3a203f839500,1688057844318677777
9c65de30-8150-403d-9b36-5c6854d86177,be33b51d-6a5c-4d06-bfa5-3a203f839500,1688057844350866666
9c65de30-8150-403d-9b36-5c6854d86177,be33b51d-6a5c-4d06-bfa5-3a203f839500,1688057844382700000
9c65de30-8150-403d-9b36-5c6854d86177,be33b51d-6a5c-4d06-bfa5-3a203f839500,1688057844419355555
9c65de30-8150-403d-9b36-5c6854d86177,be33b51d-6a5c-4d06-bfa5-3a203f839500,1688057844450933333
9c65de30-8150-403d-9b36-5c6854d86177,be33b51d-6a5c-4d06-bfa5-3a203f839500,1688057844482666666
9c65de30-8150-403d-9b36-5c6854d86177,be33b51d-6a5c-4d06-bfa5-3a203f839500,1688057844518755555
9c65de30-8150-403d-9b36-5c6854d86177,be33b51d-6a5c-4d06-bfa5-3a203f839500,1688057844550700000
9c65de30-8150-403d-9b36-5c6854d86177,be33b51d-6a5c-4d06-bfa5-3a203f839500,1688057844582855555
9c65de30-8150-403d-9b36-5c6854d86177,be33b51d-6a5c-4d06-bfa5-3a203f839500,1688057844618900000
9c65de30-8150-403d-9b36-5c6854d86177,be33b51d-6a5c-4d06-bfa5-3a203f839500,1688057844650700000
9c65de30-8150-403d-9b36-5c6854d86177,be33b51d-6a5c-4d06-bfa5-3a203f839500,1688057844682811111
9c65de30-8150-403d-9b36-5c6854d86177,be33b51d-6a5c-4d06-bfa5-3a203f839500,1688057844718822222
9c65de30-8150-403d-9b36-5c6854d86177,be33b51d-6a5c-4d06-bfa5-3a203f839500,1688057844750788888
9c65de30-8150-403d-9b36-5c6854d86177,be33b51d-6a5c-4d06-bfa5-3a203f839500,1688057844782833333
9c65de30-8150-403d-9b36-5c6854d86177,be33b51d-6a5c-4d06-bfa5-3a203f839500,1688057844818655555
9c65de30-8150-403d-9b36-5c6854d86177,be33b51d-6a5c-4d06-bfa5-3a203f839500,1688057844850677777
9c65de30-8150-403d-9b36-5c6854d86177,be33b51d-6a5c-4d06-bfa5-3a203f839500,1688057844882655555
9c65de30-8150-403d-9b36-5c6854d86177,be33b51d-6a5c-4d06-bfa5-3a203f839500,1688057844918777777
9c65de30-8150-403d-9b36-5c6854d86177,be33b51d-6a5c-4d06-bfa5-3a203f839500,1688057844950755555
9c65de30-8150-403d-9b36-5c6854d86177,be33b51d-6a5c-4d06-bfa5-3a203f839500,1688057844982611111
9c65de30-8150-403d-9b36-5c6854d86177,be33b51d-6a5c-4d06-bfa5-3a203f839500,1688057845018944444
9c65de30-8150-403d-9b36-5c6854d86177,be33b51d-6a5c-4d06-bfa5-3a203f839500,1688057845050855555
9c65de30-8150-403d-9b36-5c6854d86177,be33b51d-6a5c-4d06-bfa5-3a203f839500,1688057845082955555
9c65de30-8150-403d-9b36-5c6854d86177,be33b51d-6a5c-4d06-bfa5-3a203f839500,1688057845119522222
9c65de30-8150-403d-9b36-5c6854d86177,be33b51d-6a5c-4d06-bfa5-3a203f839500,1688057845150888888
9c65de30-8150-403d-9b36-5c6854d86177,be33b51d-6a5c-4d06-bfa5-3a203f839500,1688057845182633333
9c65de30-8150-403d-9b36-5c6854d86177,be33b51d-6a5c-4d06-bfa5-3a203f839500,1688057845218755555
9c65de30-8150-403d-9b36-5c6854d86177,be33b51d-6a5c-4d06-bfa5-3a203f839500,1688057845251522222
9c65de30-8150-403d-9b36-5c6854d86177,be33b51d-6a5c-4d06-bfa5-3a203f839500,1688057845282922222
9c65de30-8150-403d-9b36-5c6854d86177,be33b51d-6a5c-4d06-bfa5-3a203f839500,1688057845318733333
9c65de30-8150-403d-9b36-5c6854d86177,be33b51d-6a5c-4d06-bfa5-3a203f839500,1688057845350744444
9c65de30-8150-403d-9b36-5c6854d86177,be33b51d-6a5c-4d06-bfa5-3a203f839500,1688057845383000000
9c65de30-8150-403d-9b36-5c6854d86177,be33b51d-6a5c-4d06-bfa5-3a203f839500,1688057845418711111
9c65de30-8150-403d-9b36-5c6854d86177,be33b51d-6a5c-4d06-bfa5-3a203f839500,1688057845450900000
9c65de30-8150-403d-9b36-5c6854d86177,be33b51d-6a5c-4d06-bfa5-3a203f839500,1688057845482777777
9c65de30-8150-403d-9b36-5c6854d86177,be33b51d-6a5c-4d06-bfa5-3a203f839500,1688057845519033333
9c65de30-8150-403d-9b36-5c6854d86177,be33b51d-6a5c-4d06-bfa5-3a203f839500,1688057845550866666
9c65de30-8150-403d-9b36-5c6854d86177,be33b51d-6a5c-4d06-bfa5-3a203f839500,1688057845582888888
9c65de30-8150-403d-9b36-5c6854d86177,be33b51d-6a5c-4d06-bfa5-3a203f839500,1688057845618900000
9c65de30-8150-403d-9b36-5c6854d86177,be33b51d-6a5c-4d06-bfa5-3a203f839500,1688057845651022222
9c65de30-8150-403d-9b36-5c6854d86177,be33b51d-6a5c-4d06-bfa5-3a203f839500,1688057845682677777
9c65de30-8150-403d-9b36-5c6854d86177,be33b51d-6a5c-4d06-bfa5-3a203f839500,1688057845718688888
9c65de30-8150-403d-9b36-5c6854d86177,be33b51d-6a5c-4d06-bfa5-3a203f839500,1688057845750711111
9c65de30-8150-403d-9b36-5c6854d86177,be33b51d-6a5c-4d06-bfa5-3a203f839500,1688057845786666666
9c65de30-8150-403d-9b36-5c6854d86177,be33b51d-6a5c-4d06-bfa5-3a203f839500,1688057845819388888
9c65de30-8150-403d-9b36-5c6854d86177,be33b51d-6a5c-4d06-bfa5-3a203f839500,1688057845850700000
9c65de30-8150-403d-9b36-5c6854d86177,be33b51d-6a5c-4d06-bfa5-3a203f839500,1688057845886633333
9c65de30-8150-403d-9b36-5c6854d86177,be33b51d-6a5c-4d06-bfa5-3a203f839500,1688057845919100000
9c65de30-8150-403d-9b36-5c6854d86177,be33b51d-6a5c-4d06-bfa5-3a203f839500,1688057845950633333
9c65de30-8150-403d-9b36-5c6854d86177,be33b51d-6a5c-4d06-bfa5-3a203f839500,1688057845986677777
9c65de30-8150-403d-9b36-5c6854d86177,be33b51d-6a5c-4d06-bfa5-3a203f839500,1688057846019211111
9c65de30-8150-403d-9b36-5c6854d86177,be33b51d-6a5c-4d06-bfa5-3a203f839500,1688057846050800000
9c65de30-8150-403d-9b36-5c6854d86177,be33b51d-6a5c-4d06-bfa5-3a203f839500,1688057846087011111
9c65de30-8150-403d-9b36-5c6854d86177,be33b51d-6a5c-4d06-bfa5-3a203f839500,1688057846118733333
9c65de30-8150-403d-9b36-5c6854d86177,be33b51d-6a5c-4d06-bfa5-3a203f839500,1688057846150766666
9c65de30-8150-403d-9b36-5c6854d86177,be33b51d-6a5c-4d06-bfa5-3a203f839500,1688057846186666666
9c65de30-8150-403d-9b36-5c6854d86177,be33b51d-6a5c-4d06-bfa5-3a203f839500,1688057846219300000
9c65de30-8150-403d-9b36-5c6854d86177,be33b51d-6a5c-4d06-bfa5-3a203f839500,1688057846250688888
9c65de30-8150-403d-9b36-5c6854d86177,be33b51d-6a5c-4d06-bfa5-3a203f839500,1688057846287011111
9c65de30-8150-403d-9b36-5c6854d86177,be33b51d-6a5c-4d06-bfa5-3a203f839500,1688057846319022222
9c65de30-8150-403d-9b36-5c6854d86177,be33b51d-6a5c-4d06-bfa5-3a203f839500,1688057846350700000
9c65de30-8150-403d-9b36-5c6854d86177,be33b51d-6a5c-4d06-bfa5-3a203f839500,1688057846386611111
9c65de30-8150-403d-9b36-5c6854d86177,be33b51d-6a5c-4d06-bfa5-3a203f839500,1688057846418711111
9c65de30-8150-403d-9b36-5c6854d86177,be33b51d-6a5c-4d06-bfa5-3a203f839500,1688057846450844444
9c65de30-8150-403d-9b36-5c6854d86177,be33b51d-6a5c-4d06-bfa5-3a203f839500,1688057846486722222
9c65de30-8150-403d-9b36-5c6854d86177,be33b51d-6a5c-4d06-bfa5-3a203f839500,1688057846518755555
9c65de30-8150-403d-9b36-5c6854d86177,be33b51d-6a5c-4d06-bfa5-3a203f839500,1688057846551400000
9c65de30-8150-403d-9b36-5c6854d86177,be33b51d-6a5c-4d06-bfa5-3a203f839500,1688057846586833333
9c65de30-8150-403d-9b36-5c6854d86177,be33b51d-6a5c-4d06-bfa5-3a203f839500,1688057846619044444
9c65de30-8150-403d-9b36-5c6854d86177,be33b51d-6a5c-4d06-bfa5-3a203f839500,1688057846650711111
9c65de30-8150-403d-9b36-5c6854d86177,be33b51d-6a5c-4d06-bfa5-3a203f839500,1688057846686666666
9c65de30-8150-403d-9b36-5c6854d86177,be33b51d-6a5c-4d06-bfa5-3a203f839500,1688057846718622222
9c65de30-8150-403d-9b36-5c6854d86177,be33b51d-6a5c-4d06-bfa5-3a203f839500,1688057846751855555
9c65de30-8150-403d-9b36-5c6854d86177,be33b51d-6a5c-4d06-bfa5-3a203f839500,1688057846786811111
9c65de30-8150-403d-9b36-5c6854d86177,be33b51d-6a5c-4d06-bfa5-3a203f839500,1688057846818933333
9c65de30-8150-403d-9b36-5c6854d86177,be33b51d-6a5c-4d06-bfa5-3a203f839500,1688057846850711111
9c65de30-8150-403d-9b36-5c6854d86177,be33b51d-6a5c-4d06-bfa5-3a203f839500,1688057846886733333
9c65de30-8150-403d-9b36-5c6854d86177,be33b51d-6a5c-4d06-bfa5-3a203f839500,1688057846918633333
9c65de30-8150-403d-9b36-5c6854d86177,be33b51d-6a5c-4d06-bfa5-3a203f839500,1688057846950866666
9c65de30-8150-403d-9b36-5c6854d86177,be33b51d-6a5c-4d06-bfa5-3a203f839500,1688057846986766666
9c65de30-8150-403d-9b36-5c6854d86177,be33b51d-6a5c-4d06-bfa5-3a203f839500,1688057847018855555
9c65de30-8150-403d-9b36-5c6854d86177,be33b51d-6a5c-4d06-bfa5-3a203f839500,1688057847050766666
9c65de30-8150-403d-9b36-5c6854d86177,be33b51d-6a5c-4d06-bfa5-3a203f839500,1688057847086711111
9c65de30-8150-403d-9b36-5c6854d86177,be33b51d-6a5c-4d06-bfa5-3a203f839500,1688057847118844444
9c65de30-8150-403d-9b36-5c6854d86177,be33b51d-6a5c-4d06-bfa5-3a203f839500,1688057847150788888
9c65de30-8150-403d-9b36-5c6854d86177,be33b51d-6a5c-4d06-bfa5-3a203f839500,1688057847186955555
9c65de30-8150-403d-9b36-5c6854d86177,be33b51d-6a5c-4d06-bfa5-3a203f839500,1688057847218633333
9c65de30-8150-403d-9b36-5c6854d86177,be33b51d-6a5c-4d06-bfa5-3a203f839500,1688057847250766666
9c65de30-8150-403d-9b36-5c6854d86177,be33b51d-6a5c-4d06-bfa5-3a203f839500,1688057847286800000
9c65de30-8150-403d-9b36-5c6854d86177,be33b51d-6a5c-4d06-bfa5-3a203f839500,1688057847318877777
9c65de30-8150-403d-9b36-5c6854d86177,be33b51d-6a5c-4d06-bfa5-3a203f839500,1688057847350900000
9c65de30-8150-403d-9b36-5c6854d86177,be33b51d-6a5c-4d06-bfa5-3a203f839500,1688057847386700000
9c65de30-8150-403d-9b36-5c6854d86177,be33b51d-6a5c-4d06-bfa5-3a203f839500,1688057847418833333
9c65de30-8150-403d-9b36-5c6854d86177,be33b51d-6a5c-4d06-bfa5-3a203f839500,1688057847450988888
9c65de30-8150-403d-9b36-5c6854d86177,be33b51d-6a5c-4d06-bfa5-3a203f839500,1688057847486633333
9c65de30-8150-403d-9b36-5c6854d86177,be33b51d-6a5c-4d06-bfa5-3a203f839500,1688057847518711111
9c65de30-8150-403d-9b36-5c6854d86177,be33b51d-6a5c-4d06-bfa5-3a203f839500,1688057847550722222
9c65de30-8150-403d-9b36-5c6854d86177,be33b51d-6a5c-4d06-bfa5-3a203f839500,1688057847586600000
9c65de30-8150-403d-9b36-5c6854d86177,be33b51d-6a5c-4d06-bfa5-3a203f839500,1688057847618733333
9c65de30-8150-403d-9b36-5c6854d86177,be33b51d-6a5c-4d06-bfa5-3a203f839500,1688057847650833333
9c65de30-8150-403d-9b36-5c6854d86177,be33b51d-6a5c-4d06-bfa5-3a203f839500,1688057847686922222
9c65de30-8150-403d-9b36-5c6854d86177,be33b51d-6a5c-4d06-bfa5-3a203f839500,1688057847718788888
9c65de30-8150-403d-9b36-5c6854d86177,be33b51d-6a5c-4d06-bfa5-3a203f839500,1688057847750788888
9c65de30-8150-403d-9b36-5c6854d86177,be33b51d-6a5c-4d06-bfa5-3a203f839500,1688057847786600000
9c65de30-8150-403d-9b36-5c6854d86177,be33b51d-6a5c-4d06-bfa5-3a203f839500,1688057847818644444
9c65de30-8150-403d-9b36-5c6854d86177,be33b51d-6a5c-4d06-bfa5-3a203f839500,1688057847850744444
9c65de30-8150-403d-9b36-5c6854d86177,be33b51d-6a5c-4d06-bfa5-3a203f839500,1688057847886755555
9c65de30-8150-403d-9b36-5c6854d86177,be33b51d-6a5c-4d06-bfa5-3a203f839500,1688057847918744444
9c65de30-8150-403d-9b36-5c6854d86177,be33b51d-6a5c-4d06-bfa5-3a203f839500,1688057847950777777
9c65de30-8150-403d-9b36-5c6854d86177,be33b51d-6a5c-4d06-bfa5-3a203f839500,1688057847986633333
9c65de30-8150-403d-9b36-5c6854d86177,be33b51d-6a5c-4d06-bfa5-3a203f839500,1688057848018788888
9c65de30-8150-403d-9b36-5c6854d86177,be33b51d-6a5c-4d06-bfa5-3a203f839500,1688057848050600000
9c65de30-8150-403d-9b36-5c6854d86177,be33b51d-6a5c-4d06-bfa5-3a203f839500,1688057848087000000
9c65de30-8150-403d-9b36-5c6854d86177,be33b51d-6a5c-4d06-bfa5-3a203f839500,1688057848118666666
9c65de30-8150-403d-9b36-5c6854d86177,be33b51d-6a5c-4d06-bfa5-3a203f839500,1688057848151311111
9c65de30-8150-403d-9b36-5c6854d86177,be33b51d-6a5c-4d06-bfa5-3a203f839500,1688057848186933333
9c65de30-8150-403d-9b36-5c6854d86177,be33b51d-6a5c-4d06-bfa5-3a203f839500,1688057848218855555
9c65de30-8150-403d-9b36-5c6854d86177,be33b51d-6a5c-4d06-bfa5-3a203f839500,1688057848250700000
9c65de30-8150-403d-9b36-5c6854d86177,be33b51d-6a5c-4d06-bfa5-3a203f839500,1688057848286688888
9c65de30-8150-403d-9b36-5c6854d86177,be33b51d-6a5c-4d06-bfa5-3a203f839500,1688057848318833333
9c65de30-8150-403d-9b36-5c6854d86177,be33b51d-6a5c-4d06-bfa5-3a203f839500,1688057848350644444
9c65de30-8150-403d-9b36-5c6854d86177,be33b51d-6a5c-4d06-bfa5-3a203f839500,1688057848386822222
9c65de30-8150-403d-9b36-5c6854d86177,be33b51d-6a5c-4d06-bfa5-3a203f839500,1688057848418733333
9c65de30-8150-403d-9b36-5c6854d86177,be33b51d-6a5c-4d06-bfa5-3a203f839500,1688057848450600000
9c65de30-8150-403d-9b36-5c6854d86177,be33b51d-6a5c-4d06-bfa5-3a203f839500,1688057848487166666
9c65de30-8150-403d-9b36-5c6854d86177,be33b51d-6a5c-4d06-bfa5-3a203f839500,1688057848518822222
9c65de30-8150-403d-9b36-5c6854d86177,be33b51d-6a5c-4d06-bfa5-3a203f839500,1688057848550733333
9c65de30-8150-403d-9b36-5c6854d86177,be33b51d-6a5c-4d06-bfa5-3a203f839500,1688057848586688888
9c65de30-8150-403d-9b36-5c6854d86177,be33b51d-6a5c-4d06-bfa5-3a203f839500,1688057848619555555
9c65de30-8150-403d-9b36-5c6854d86177,be33b51d-6a5c-4d06-bfa5-3a203f839500,1688057848650777777
9c65de30-8150-403d-9b36-5c6854d86177,be33b51d-6a5c-4d06-bfa5-3a203f839500,1688057848686677777
9c65de30-8150-403d-9b36-5c6854d86177,be33b51d-6a5c-4d06-bfa5-3a203f839500,1688057848718844444
9c65de30-8150-403d-9b36-5c6854d86177,be33b51d-6a5c-4d06-bfa5-3a203f839500,1688057848750644444
9c65de30-8150-403d-9b36-5c6854d86177,be33b51d-6a5c-4d06-bfa5-3a203f839500,1688057848786677777
9c65de30-8150-403d-9b36-5c6854d86177,be33b51d-6a5c-4d06-bfa5-3a203f839500,1688057848818655555
9c65de30-8150-403d-9b36-5c6854d86177,be33b51d-6a5c-4d06-bfa5-3a203f839500,1688057848851033333
9c65de30-8150-403d-9b36-5c6854d86177,be33b51d-6a5c-4d06-bfa5-3a203f839500,1688057848886644444
9c65de30-8150-403d-9b36-5c6854d86177,be33b51d-6a5c-4d06-bfa5-3a203f839500,1688057848918722222
9c65de30-8150-403d-9b36-5c6854d86177,be33b51d-6a5c-4d06-bfa5-3a203f839500,1688057848950577777
9c65de30-8150-403d-9b36-5c6854d86177,be33b51d-6a5c-4d06-bfa5-3a203f839500,1688057848986622222
9c65de30-8150-403d-9b36-5c6854d86177,be33b51d-6a5c-4d06-bfa5-3a203f839500,1688057849018777777
9c65de30-8150-403d-9b36-5c6854d86177,be33b51d-6a5c-4d06-bfa5-3a203f839500,1688057849050866666
9c65de30-8150-403d-9b36-5c6854d86177,be33b51d-6a5c-4d06-bfa5-3a203f839500,1688057849086600000
9c65de30-8150-403d-9b36-5c6854d86177,be33b51d-6a5c-4d06-bfa5-3a203f839500,1688057849118677777
9c65de30-8150-403d-9b36-5c6854d86177,be33b51d-6a5c-4d06-bfa5-3a203f839500,1688057849151300000
9c65de30-8150-403d-9b36-5c6854d86177,be33b51d-6a5c-4d06-bfa5-3a203f839500,1688057849187322222
9c65de30-8150-403d-9b36-5c6854d86177,be33b51d-6a5c-4d06-bfa5-3a203f839500,1688057849218855555
9c65de30-8150-403d-9b36-5c6854d86177,be33b51d-6a5c-4d06-bfa5-3a203f839500,1688057849251133333
9c65de30-8150-403d-9b36-5c6854d86177,be33b51d-6a5c-4d06-bfa5-3a203f839500,1688057849286911111
9c65de30-8150-403d-9b36-5c6854d86177,be33b51d-6a5c-4d06-bfa5-3a203f839500,1688057849318777777
9c65de30-8150-403d-9b36-5c6854d86177,be33b51d-6a5c-4d06-bfa5-3a203f839500,1688057849350855555
9c65de30-8150-403d-9b36-5c6854d86177,be33b51d-6a5c-4d06-bfa5-3a203f839500,1688057849386855555
9c65de30-8150-403d-9b36-5c6854d86177,be33b51d-6a5c-4d06-bfa5-3a203f839500,1688057849418677777
9c65de30-8150-403d-9b36-5c6854d86177,be33b51d-6a5c-4d06-bfa5-3a203f839500,1688057849450755555
9c65de30-8150-403d-9b36-5c6854d86177,be33b51d-6a5c-4d06-bfa5-3a203f839500,1688057849486866666
9c65de30-8150-403d-9b36-5c6854d86177,be33b51d-6a5c-4d06-bfa5-3a203f839500,1688057849518666666
9c65de30-8150-403d-9b36-5c6854d86177,be33b51d-6a5c-4d06-bfa5-3a203f839500,1688057849550844444
9c65de30-8150-403d-9b36-5c6854d86177,be33b51d-6a5c-4d06-bfa5-3a203f839500,1688057849586955555
9c65de30-8150-403d-9b36-5c6854d86177,be33b51d-6a5c-4d06-bfa5-3a203f839500,1688057849618744444
9c65de30-8150-403d-9b36-5c6854d86177,be33b51d-6a5c-4d06-bfa5-3a203f839500,1688057849650622222
9c65de30-8150-403d-9b36-5c6854d86177,be33b51d-6a5c-4d06-bfa5-3a203f839500,1688057849686566666
9c65de30-8150-403d-9b36-5c6854d86177,be33b51d-6a5c-4d06-bfa5-3a203f839500,1688057849718855555
9c65de30-8150-403d-9b36-5c6854d86177,be33b51d-6a5c-4d06-bfa5-3a203f839500,1688057849750744444
9c65de30-8150-403d-9b36-5c6854d86177,be33b51d-6a5c-4d06-bfa5-3a203f839500,1688057849786855555
9c65de30-8150-403d-9b36-5c6854d86177,be33b51d-6a5c-4d06-bfa5-3a203f839500,1688057849818822222
9c65de30-8150-403d-9b36-5c6854d86177,be33b51d-6a5c-4d06-bfa5-3a203f839500,1688057849850933333
9c65de30-8150-403d-9b36-5c6854d86177,be33b51d-6a5c-4d06-bfa5-3a203f839500,1688057849886611111
9c65de30-8150-403d-9b36-5c6854d86177,be33b51d-6a5c-4d06-bfa5-3a203f839500,1688057849918788888
9c65de30-8150-403d-9b36-5c6854d86177,be33b51d-6a5c-4d06-bfa5-3a203f839500,1688057849950722222
9c65de30-8150-403d-9b36-5c6854d86177,be33b51d-6a5c-4d06-bfa5-3a203f839500,1688057849986644444
9c65de30-8150-403d-9b36-5c6854d86177,be33b51d-6a5c-4d06-bfa5-3a203f839500,1688057850019011111
9c65de30-8150-403d-9b36-5c6854d86177,be33b51d-6a5c-4d06-bfa5-3a203f839500,1688057850050811111
9c65de30-8150-403d-9b36-5c6854d86177,be33b51d-6a5c-4d06-bfa5-3a203f839500,1688057850086722222
9c65de30-8150-403d-9b36-5c6854d86177,be33b51d-6a5c-4d06-bfa5-3a203f839500,1688057850119155555
9c65de30-8150-403d-9b36-5c6854d86177,be33b51d-6a5c-4d06-bfa5-3a203f839500,1688057850151244444
