section id,recording id,fixation id,start timestamp [ns],end timestamp [ns],duration [ms],fixation x [px],fixation y [px],azimuth [deg],elevation [deg]
6ddc7d1b-93f0-457e-961d-d3cc9645adeb,ef46ba0e-e94e-4f17-ac91-e73d60678e25,1,1709579462126677821,1709579462326930821,200,798.286,451.663,-1.7991175118161287,10.546724230566033
6ddc7d1b-93f0-457e-961d-d3cc9645adeb,ef46ba0e-e94e-4f17-ac91-e73d60678e25,2,1709579462502066821,1709579462792312821,290,932.591,396.981,7.106393027771359,14.063765097910467
6ddc7d1b-93f0-457e-961d-d3cc9645adeb,ef46ba0e-e94e-4f17-ac91-e73d60678e25,3,1709579462822437821,1709579463392945821,570,826.139,314.528,0.03937123723586019,19.448521222906788
6ddc7d1b-93f0-457e-961d-d3cc9645adeb,ef46ba0e-e94e-4f17-ac91-e73d60678e25,4,1709579463432958821,1709579463593073821,160,993.145,296.295,11.380627774460335,20.491973405131525
6ddc7d1b-93f0-457e-961d-d3cc9645adeb,ef46ba0e-e94e-4f17-ac91-e73d60678e25,5,1709579463628074821,1709579463903328821,275,1066.801,300.635,16.351643806125207,20.06942086498684
6ddc7d1b-93f0-457e-961d-d3cc9645adeb,ef46ba0e-e94e-4f17-ac91-e73d60678e25,6,1709579463998468821,1709579464093580821,95,977.174,283.279,10.335779209722578,21.355370783926904
6ddc7d1b-93f0-457e-961d-d3cc9645adeb,ef46ba0e-e94e-4f17-ac91-e73d60678e25,7,1709579464198707821,1709579464403835821,205,912.424,282.115,5.926438262479473,21.509422378748646
6ddc7d1b-93f0-457e-961d-d3cc9645adeb,ef46ba0e-e94e-4f17-ac91-e73d60678e25,8,1709579464528973821,1709579465454850821,925,920.167,289.077,6.441310310549813,21.05245636663558
6ddc7d1b-93f0-457e-961d-d3cc9645adeb,ef46ba0e-e94e-4f17-ac91-e73d60678e25,9,1709579465534851821,1709579466335612821,800,916.104,368.186,6.045677583710724,15.94002196808873
6ddc7d1b-93f0-457e-961d-d3cc9645adeb,ef46ba0e-e94e-4f17-ac91-e73d60678e25,10,1709579466400738821,1709579467206500821,805,946.915,292.708,8.252459479706625,20.789067163414245
6ddc7d1b-93f0-457e-961d-d3cc9645adeb,ef46ba0e-e94e-4f17-ac91-e73d60678e25,11,1709579467231500821,1709579467691882821,460,1007.927,282.02,12.433610617262845,21.384192861142715
6ddc7d1b-93f0-457e-961d-d3cc9645adeb,ef46ba0e-e94e-4f17-ac91-e73d60678e25,12,1709579467802009821,1709579468127263821,325,908.765,293.905,5.657550165488215,20.750513051661713
6ddc7d1b-93f0-457e-961d-d3cc9645adeb,ef46ba0e-e94e-4f17-ac91-e73d60678e25,13,1709579468177389821,1709579468492643821,315,953.854,307.962,8.687392906830144,19.7963527551338
6ddc7d1b-93f0-457e-961d-d3cc9645adeb,ef46ba0e-e94e-4f17-ac91-e73d60678e25,14,1709579468522644821,1709579469153278821,630,925.681,392.401,6.653324908398065,14.365369369721014
6ddc7d1b-93f0-457e-961d-d3cc9645adeb,ef46ba0e-e94e-4f17-ac91-e73d60678e25,15,1709579469288405821,1709579469573659821,285,653.919,942.159,-11.676297991234904,-21.191978860189703
6ddc7d1b-93f0-457e-961d-d3cc9645adeb,ef46ba0e-e94e-4f17-ac91-e73d60678e25,16,1709579469628661821,1709579469843913821,215,521.444,1109.11,-22.0267589304057,-31.456511678709617
6ddc7d1b-93f0-457e-961d-d3cc9645adeb,ef46ba0e-e94e-4f17-ac91-e73d60678e25,17,1709579469994043821,1709579470129167821,135,1053.216,994.276,15.753106138318511,-24.419729341767155
6ddc7d1b-93f0-457e-961d-d3cc9645adeb,ef46ba0e-e94e-4f17-ac91-e73d60678e25,18,1709579470199293821,1709579470374421821,175,740.509,866.795,-5.686492763991141,-16.44348963540625
6ddc7d1b-93f0-457e-961d-d3cc9645adeb,ef46ba0e-e94e-4f17-ac91-e73d60678e25,19,1709579470474547821,1709579470729676821,255,979.542,322.91,10.384644134881505,18.798880563790416
6ddc7d1b-93f0-457e-961d-d3cc9645adeb,ef46ba0e-e94e-4f17-ac91-e73d60678e25,20,1709579470764801821,1709579471120062821,355,1060.192,296.035,15.924990997177122,20.37842211772491
6ddc7d1b-93f0-457e-961d-d3cc9645adeb,ef46ba0e-e94e-4f17-ac91-e73d60678e25,21,1709579471215183821,1709579471580563821,365,1050.069,285.709,15.284377274240601,21.061794050905064
6ddc7d1b-93f0-457e-961d-d3cc9645adeb,ef46ba0e-e94e-4f17-ac91-e73d60678e25,22,1709579471720690821,1709579473247088821,1526,1065.741,285.069,16.35194700438413,21.066958323900277
6ddc7d1b-93f0-457e-961d-d3cc9645adeb,ef46ba0e-e94e-4f17-ac91-e73d60678e25,23,1709579473357218821,1709579473572344821,215,1066.24,284.339,16.389316729113602,21.112398987633895
6ddc7d1b-93f0-457e-961d-d3cc9645adeb,ef46ba0e-e94e-4f17-ac91-e73d60678e25,24,1709579473732470821,1709579473847596821,115,1072.065,287.711,16.76867105174176,20.883091037872855
6ddc7d1b-93f0-457e-961d-d3cc9645adeb,ef46ba0e-e94e-4f17-ac91-e73d60678e25,25,1709579473967732821,1709579474373108821,405,1067.945,284.091,16.506390244958617,21.12424291682639
6ddc7d1b-93f0-457e-961d-d3cc9645adeb,ef46ba0e-e94e-4f17-ac91-e73d60678e25,26,1709579474473231821,1709579475474120821,1000,1063.693,282.018,16.227386976687203,21.266830555775364
6ddc7d1b-93f0-457e-961d-d3cc9645adeb,ef46ba0e-e94e-4f17-ac91-e73d60678e25,27,1709579475549246821,1709579475819500821,270,1045.163,279.807,14.976995262862703,21.45067843813619
6ddc7d1b-93f0-457e-961d-d3cc9645adeb,ef46ba0e-e94e-4f17-ac91-e73d60678e25,28,1709579475909501821,1709579476395009821,485,1034.841,273.325,14.30227647854854,21.88855858268081
6ddc7d1b-93f0-457e-961d-d3cc9645adeb,ef46ba0e-e94e-4f17-ac91-e73d60678e25,29,1709579476425009821,1709579476960517821,535,968.369,283.306,9.736172875583087,21.366785552357864
6ddc7d1b-93f0-457e-961d-d3cc9645adeb,ef46ba0e-e94e-4f17-ac91-e73d60678e25,30,1709579476990517821,1709579477205770821,215,1026.773,292.284,13.675543455006245,20.68912387535197
6ddc7d1b-93f0-457e-961d-d3cc9645adeb,ef46ba0e-e94e-4f17-ac91-e73d60678e25,31,1709579477250771821,1709579477451024821,200,837.49,307.22,0.8086809963591949,19.921343794941627
6ddc7d1b-93f0-457e-961d-d3cc9645adeb,ef46ba0e-e94e-4f17-ac91-e73d60678e25,32,1709579477486028821,1709579477641152821,155,914.877,368.108,5.963908543162947,15.945960570683777
6ddc7d1b-93f0-457e-961d-d3cc9645adeb,ef46ba0e-e94e-4f17-ac91-e73d60678e25,33,1709579477681162821,1709579478727168821,1046,814.442,305.753,-0.7530275156705454,20.015845029079657
6ddc7d1b-93f0-457e-961d-d3cc9645adeb,ef46ba0e-e94e-4f17-ac91-e73d60678e25,34,1709579478777168821,1709579481154453821,2377,932.308,411.309,7.070006614670783,13.136023230605973
6ddc7d1b-93f0-457e-961d-d3cc9645adeb,ef46ba0e-e94e-4f17-ac91-e73d60678e25,35,1709579481199454821,1709579483306360821,2106,1070.828,295.011,16.65000751361131,20.419596503364858
6ddc7d1b-93f0-457e-961d-d3cc9645adeb,ef46ba0e-e94e-4f17-ac91-e73d60678e25,36,1709579483361486821,1709579485478392821,2116,815.276,311.068,-0.695693590768376,19.671777915948084
6ddc7d1b-93f0-457e-961d-d3cc9645adeb,ef46ba0e-e94e-4f17-ac91-e73d60678e25,37,1709579485543518821,1709579487044915821,1501,801.845,561.754,-1.5511393850584123,3.377162622776161
6ddc7d1b-93f0-457e-961d-d3cc9645adeb,ef46ba0e-e94e-4f17-ac91-e73d60678e25,38,1709579487089915821,1709579488416185821,1326,1024.542,533.555,12.98641882502852,5.165914020957906
6ddc7d1b-93f0-457e-961d-d3cc9645adeb,ef46ba0e-e94e-4f17-ac91-e73d60678e25,39,1709579488491186821,1709579488791566821,300,941.693,331.107,7.818303582595449,18.315781074394575
6ddc7d1b-93f0-457e-961d-d3cc9645adeb,ef46ba0e-e94e-4f17-ac91-e73d60678e25,40,1709579488816566821,1709579488926568821,110,935.839,405.808,7.310617441613415,13.489807463399325
6ddc7d1b-93f0-457e-961d-d3cc9645adeb,ef46ba0e-e94e-4f17-ac91-e73d60678e25,41,1709579489151821821,1709579490067709821,915,951.49,318.007,8.505114947979422,19.150945190309724
6ddc7d1b-93f0-457e-961d-d3cc9645adeb,ef46ba0e-e94e-4f17-ac91-e73d60678e25,42,1709579490102716821,1709579490312963821,210,867.9,433.515,2.7937578439881228,11.72444887767413
6ddc7d1b-93f0-457e-961d-d3cc9645adeb,ef46ba0e-e94e-4f17-ac91-e73d60678e25,43,1709579490372968821,1709579490638230821,265,720.965,440.55,-6.898392814732382,11.239011527557532
6ddc7d1b-93f0-457e-961d-d3cc9645adeb,ef46ba0e-e94e-4f17-ac91-e73d60678e25,44,1709579490828346821,1709579491028599821,200,821.052,428.846,-0.3001955666638828,12.032473612643592
6ddc7d1b-93f0-457e-961d-d3cc9645adeb,ef46ba0e-e94e-4f17-ac91-e73d60678e25,45,1709579491063603821,1709579491639108821,575,913.835,425.85,5.833167584961495,12.204585270083777
6ddc7d1b-93f0-457e-961d-d3cc9645adeb,ef46ba0e-e94e-4f17-ac91-e73d60678e25,46,1709579491739245821,1709579492124615821,385,937.839,431.588,7.412387003265866,11.818306966279518
6ddc7d1b-93f0-457e-961d-d3cc9645adeb,ef46ba0e-e94e-4f17-ac91-e73d60678e25,47,1709579492159615821,1709579492645123821,485,867.412,427.217,2.764210545663823,12.133748288142549
6ddc7d1b-93f0-457e-961d-d3cc9645adeb,ef46ba0e-e94e-4f17-ac91-e73d60678e25,48,1709579492670123821,1709579493505886821,835,818.981,434.068,-0.4367828240465119,11.692951780566641
6ddc7d1b-93f0-457e-961d-d3cc9645adeb,ef46ba0e-e94e-4f17-ac91-e73d60678e25,49,1709579493535886821,1709579493696017821,160,881.781,473.382,3.6908867603598563,9.129207063684092
6ddc7d1b-93f0-457e-961d-d3cc9645adeb,ef46ba0e-e94e-4f17-ac91-e73d60678e25,50,1709579493796140821,1709579494206530821,410,887.188,483.613,4.041518319036505,8.462324236881821
6ddc7d1b-93f0-457e-961d-d3cc9645adeb,ef46ba0e-e94e-4f17-ac91-e73d60678e25,51,1709579494341648821,1709579494987292821,645,884.992,474.389,3.90141462971393,9.062893048342838
6ddc7d1b-93f0-457e-961d-d3cc9645adeb,ef46ba0e-e94e-4f17-ac91-e73d60678e25,52,1709579495102409821,1709579504070667821,8968,880.805,477.082,3.6252442122652084,8.888735861267419
6ddc7d1b-93f0-457e-961d-d3cc9645adeb,ef46ba0e-e94e-4f17-ac91-e73d60678e25,53,1709579504170793821,1709579506402826821,2232,882.688,478.394,3.7483550913110455,8.802940149698795
6ddc7d1b-93f0-457e-961d-d3cc9645adeb,ef46ba0e-e94e-4f17-ac91-e73d60678e25,54,1709579506532953821,1709579506648080821,115,898.131,418.314,4.801119163710329,12.701193353345856
6ddc7d1b-93f0-457e-961d-d3cc9645adeb,ef46ba0e-e94e-4f17-ac91-e73d60678e25,55,1709579506783207821,1709579507033464821,250,876.21,461.118,3.3298575222345126,9.92814179831113
6ddc7d1b-93f0-457e-961d-d3cc9645adeb,ef46ba0e-e94e-4f17-ac91-e73d60678e25,56,1709579507063461821,1709579507488842821,425,880.313,524.587,3.5773056984983547,5.796748765303692
6ddc7d1b-93f0-457e-961d-d3cc9645adeb,ef46ba0e-e94e-4f17-ac91-e73d60678e25,57,1709579507774097821,1709579507939349821,165,837.864,530.786,0.8009588428171294,5.396605468449287
6ddc7d1b-93f0-457e-961d-d3cc9645adeb,ef46ba0e-e94e-4f17-ac91-e73d60678e25,58,1709579508089476821,1709579508749986821,660,877.312,517.992,3.382800140436574,6.226690302451652
6ddc7d1b-93f0-457e-961d-d3cc9645adeb,ef46ba0e-e94e-4f17-ac91-e73d60678e25,59,1709579508985240821,1709579509565748821,580,871.475,526.673,2.9989958129376775,5.662118358410977
6ddc7d1b-93f0-457e-961d-d3cc9645adeb,ef46ba0e-e94e-4f17-ac91-e73d60678e25,60,1709579509705875821,1709579509801013821,95,868.277,495.379,2.7971969425143257,7.700566582699859
6ddc7d1b-93f0-457e-961d-d3cc9645adeb,ef46ba0e-e94e-4f17-ac91-e73d60678e25,61,1709579509976129821,1709579510126262821,150,865.756,506.917,2.6291876633874303,6.949676055405598
6ddc7d1b-93f0-457e-961d-d3cc9645adeb,ef46ba0e-e94e-4f17-ac91-e73d60678e25,62,1709579510261383821,1709579510581769821,320,871.482,510.164,3.003265545707843,6.737390297094072
6ddc7d1b-93f0-457e-961d-d3cc9645adeb,ef46ba0e-e94e-4f17-ac91-e73d60678e25,63,1709579510721890821,1709579511422526821,700,864.017,527.74,2.5111182720504774,5.59347254098399
6ddc7d1b-93f0-457e-961d-d3cc9645adeb,ef46ba0e-e94e-4f17-ac91-e73d60678e25,64,1709579511447526821,1709579519660147821,8212,873.659,523.495,3.1424873020533672,5.868863458600833
6ddc7d1b-93f0-457e-961d-d3cc9645adeb,ef46ba0e-e94e-4f17-ac91-e73d60678e25,65,1709579519770274821,1709579520295782821,525,880.911,478.114,3.6317902692800157,8.821607551187077
6ddc7d1b-93f0-457e-961d-d3cc9645adeb,ef46ba0e-e94e-4f17-ac91-e73d60678e25,66,1709579520450912821,1709579520856290821,405,886.029,481.653,3.9663395245400395,8.59013214326114
6ddc7d1b-93f0-457e-961d-d3cc9645adeb,ef46ba0e-e94e-4f17-ac91-e73d60678e25,67,1709579521046418821,1709579523008322821,1961,869.981,479.227,2.9137708345275306,8.751511634282089
6ddc7d1b-93f0-457e-961d-d3cc9645adeb,ef46ba0e-e94e-4f17-ac91-e73d60678e25,68,1709579523143449821,1709579524189339821,1045,869.157,499.964,2.8536301521021303,7.40190487010925
6ddc7d1b-93f0-457e-961d-d3cc9645adeb,ef46ba0e-e94e-4f17-ac91-e73d60678e25,69,1709579524229465821,1709579531060817821,6831,888.45,472.979,4.12915989881355,9.153595477218472
6ddc7d1b-93f0-457e-961d-d3cc9645adeb,ef46ba0e-e94e-4f17-ac91-e73d60678e25,70,1709579531155816821,1709579531966578821,810,873.516,482.046,3.1449229720003267,8.567419275509812
6ddc7d1b-93f0-457e-961d-d3cc9645adeb,ef46ba0e-e94e-4f17-ac91-e73d60678e25,71,1709579532116714821,1709579534243742821,2127,863.78,505.818,2.500024524293641,7.021468535479458
6ddc7d1b-93f0-457e-961d-d3cc9645adeb,ef46ba0e-e94e-4f17-ac91-e73d60678e25,72,1709579534278737821,1709579536005387821,1726,868.533,468.068,2.8223553054955994,9.477838710604294
6ddc7d1b-93f0-457e-961d-d3cc9645adeb,ef46ba0e-e94e-4f17-ac91-e73d60678e25,73,1709579536130514821,1709579539078192821,2947,874.148,489.607,3.183869623122886,8.075254191561061
6ddc7d1b-93f0-457e-961d-d3cc9645adeb,ef46ba0e-e94e-4f17-ac91-e73d60678e25,74,1709579539113182821,1709579541004960821,1891,874.12,468.441,3.1894613512734598,9.452391631728474
6ddc7d1b-93f0-457e-961d-d3cc9645adeb,ef46ba0e-e94e-4f17-ac91-e73d60678e25,75,1709579541085086821,1709579543517372821,2432,877.259,495.759,3.3858438850016355,7.6742537912052065
6ddc7d1b-93f0-457e-961d-d3cc9645adeb,ef46ba0e-e94e-4f17-ac91-e73d60678e25,76,1709579543722504821,1709579545248898821,1526,868.591,490.067,2.8193147804238214,8.046260086512312
6ddc7d1b-93f0-457e-961d-d3cc9645adeb,ef46ba0e-e94e-4f17-ac91-e73d60678e25,77,1709579545449150821,1709579550168469821,4719,876.862,490.329,3.361634831277779,8.027685290485813
6ddc7d1b-93f0-457e-961d-d3cc9645adeb,ef46ba0e-e94e-4f17-ac91-e73d60678e25,78,1709579550198594821,1709579551644873821,1446,875.96,471.838,3.3091022554453424,9.230973459134814
6ddc7d1b-93f0-457e-961d-d3cc9645adeb,ef46ba0e-e94e-4f17-ac91-e73d60678e25,79,1709579551834997821,1709579553870488821,2035,886.166,486.494,3.973283030323051,8.275206604791665
6ddc7d1b-93f0-457e-961d-d3cc9645adeb,ef46ba0e-e94e-4f17-ac91-e73d60678e25,80,1709579553985613821,1709579556337736821,2352,874.786,488.688,3.2260488764044752,8.134937597546184
6ddc7d1b-93f0-457e-961d-d3cc9645adeb,ef46ba0e-e94e-4f17-ac91-e73d60678e25,81,1709579556457861821,1709579558009360821,1551,875.758,488.799,3.289760530659866,8.127533459271683
6ddc7d1b-93f0-457e-961d-d3cc9645adeb,ef46ba0e-e94e-4f17-ac91-e73d60678e25,82,1709579558034360821,1709579559911108821,1876,873.509,476.795,3.146264295876843,8.909030462449
6ddc7d1b-93f0-457e-961d-d3cc9645adeb,ef46ba0e-e94e-4f17-ac91-e73d60678e25,83,1709579560041234821,1709579561112108821,1070,875.283,490.591,3.2579983651218614,8.010989670647882
6ddc7d1b-93f0-457e-961d-d3cc9645adeb,ef46ba0e-e94e-4f17-ac91-e73d60678e25,84,1709579561257233821,1709579562478357821,1221,867.534,499.133,2.74754463819578,7.456276298251835
6ddc7d1b-93f0-457e-961d-d3cc9645adeb,ef46ba0e-e94e-4f17-ac91-e73d60678e25,85,1709579562618482821,1709579563319240821,700,871.417,505.634,3.0001686675232717,7.032390966183958
6ddc7d1b-93f0-457e-961d-d3cc9645adeb,ef46ba0e-e94e-4f17-ac91-e73d60678e25,86,1709579563529356821,1709579563854616821,325,874.557,483.079,3.2129013055843085,8.499961212230962
6ddc7d1b-93f0-457e-961d-d3cc9645adeb,ef46ba0e-e94e-4f17-ac91-e73d60678e25,87,1709579563984731821,1709579564360105821,375,879.61,472.17,3.5487661173760823,9.208559701331252
6ddc7d1b-93f0-457e-961d-d3cc9645adeb,ef46ba0e-e94e-4f17-ac91-e73d60678e25,88,1709579564395105821,1709579564635355821,240,927.189,442.015,6.699435882620815,11.148700083093079
6ddc7d1b-93f0-457e-961d-d3cc9645adeb,ef46ba0e-e94e-4f17-ac91-e73d60678e25,89,1709579564660355821,1709579564900605821,240,863.647,473.496,2.499528607246653,9.12554924471479
6ddc7d1b-93f0-457e-961d-d3cc9645adeb,ef46ba0e-e94e-4f17-ac91-e73d60678e25,90,1709579564925605821,1709579565871495821,945,898.841,462.93,4.817418924863738,9.803578143785105
6ddc7d1b-93f0-457e-961d-d3cc9645adeb,ef46ba0e-e94e-4f17-ac91-e73d60678e25,91,1709579566036604821,1709579567988482821,1951,877.793,472.886,3.4291055558281394,9.162443037112322
6ddc7d1b-93f0-457e-961d-d3cc9645adeb,ef46ba0e-e94e-4f17-ac91-e73d60678e25,92,1709579568598977821,1709579568789227821,190,730.595,-15.119,-7.479185357498661,40.86794453310686
6ddc7d1b-93f0-457e-961d-d3cc9645adeb,ef46ba0e-e94e-4f17-ac91-e73d60678e25,93,1709579568904227821,1709579569149477821,245,1172.873,34.165,26.51861580698084,36.67360260210366
6ddc7d1b-93f0-457e-961d-d3cc9645adeb,ef46ba0e-e94e-4f17-ac91-e73d60678e25,94,1709579569229602821,1709579569344727821,115,1317.626,161.55,35.08252213557326,27.83727599009465
6ddc7d1b-93f0-457e-961d-d3cc9645adeb,ef46ba0e-e94e-4f17-ac91-e73d60678e25,95,1709579569399727821,1709579569589852821,190,1324.641,165.008,35.532273098969526,27.583881087438886
6ddc7d1b-93f0-457e-961d-d3cc9645adeb,ef46ba0e-e94e-4f17-ac91-e73d60678e25,96,1709579569639977821,1709579569830101821,190,1176.209,183.789,24.727017877139986,27.148412049076008
6ddc7d1b-93f0-457e-961d-d3cc9645adeb,ef46ba0e-e94e-4f17-ac91-e73d60678e25,97,1709579569900228821,1709579570100361821,200,871.073,394.538,3.022982903986946,14.254469869886886
6ddc7d1b-93f0-457e-961d-d3cc9645adeb,ef46ba0e-e94e-4f17-ac91-e73d60678e25,98,1709579570130351821,1709579570475726821,345,859.809,486.192,2.244191064429865,8.299864867405441
6ddc7d1b-93f0-457e-961d-d3cc9645adeb,ef46ba0e-e94e-4f17-ac91-e73d60678e25,99,1709579570640851821,1709579571011226821,370,864.987,474.872,2.5871592922636553,9.035758229738226
6ddc7d1b-93f0-457e-961d-d3cc9645adeb,ef46ba0e-e94e-4f17-ac91-e73d60678e25,100,1709579571241351821,1709579572357475821,1116,869.041,485.773,2.850048078411105,8.325727210481084
6ddc7d1b-93f0-457e-961d-d3cc9645adeb,ef46ba0e-e94e-4f17-ac91-e73d60678e25,101,1709579572377475821,1709579572942974821,565,863.76,514.604,2.496805721364315,6.4492646636778055
6ddc7d1b-93f0-457e-961d-d3cc9645adeb,ef46ba0e-e94e-4f17-ac91-e73d60678e25,102,1709579573053099821,1709579574444348821,1391,847.631,490.804,1.444489453316,8.000879981994833
6ddc7d1b-93f0-457e-961d-d3cc9645adeb,ef46ba0e-e94e-4f17-ac91-e73d60678e25,103,1709579574574473821,1709579576711346821,2136,859.431,480.037,2.220933099197647,8.700542044360683
6ddc7d1b-93f0-457e-961d-d3cc9645adeb,ef46ba0e-e94e-4f17-ac91-e73d60678e25,104,1709579576891596821,1709579580935219821,4043,862.869,491.715,2.443620418006042,7.939898515415546
6ddc7d1b-93f0-457e-961d-d3cc9645adeb,ef46ba0e-e94e-4f17-ac91-e73d60678e25,105,1709579581065343821,1709579581781093821,715,869.34,517.65,2.8613249370912723,6.250121966065713
6ddc7d1b-93f0-457e-961d-d3cc9645adeb,ef46ba0e-e94e-4f17-ac91-e73d60678e25,106,1709579581801093821,1709579582766967821,965,852.143,498.472,1.739022794398295,7.50120132085201
6ddc7d1b-93f0-457e-961d-d3cc9645adeb,ef46ba0e-e94e-4f17-ac91-e73d60678e25,107,1709579582907092821,1709579585399352821,2492,864.486,497.654,2.548174820695242,7.552984826089774
6ddc7d1b-93f0-457e-961d-d3cc9645adeb,ef46ba0e-e94e-4f17-ac91-e73d60678e25,108,1709579585539465821,1709579586965714821,1426,859.812,499.29,2.241449271684907,7.447105602607556
6ddc7d1b-93f0-457e-961d-d3cc9645adeb,ef46ba0e-e94e-4f17-ac91-e73d60678e25,109,1709579587130964821,1709579589162838821,2031,861.734,499.12,2.3674629472622932,7.457903229064818
6ddc7d1b-93f0-457e-961d-d3cc9645adeb,ef46ba0e-e94e-4f17-ac91-e73d60678e25,110,1709579589317962821,1709579593771962821,4454,852.463,497.934,1.7601028760184214,7.536199248259453
6ddc7d1b-93f0-457e-961d-d3cc9645adeb,ef46ba0e-e94e-4f17-ac91-e73d60678e25,111,1709579593977209821,1709579595533592821,1556,864.41,496.345,2.543473487752182,7.6382194564865165
6ddc7d1b-93f0-457e-961d-d3cc9645adeb,ef46ba0e-e94e-4f17-ac91-e73d60678e25,112,1709579595668708821,1709579597815713821,2147,871.377,498.916,2.9993985067382645,7.469771667547377
6ddc7d1b-93f0-457e-961d-d3cc9645adeb,ef46ba0e-e94e-4f17-ac91-e73d60678e25,113,1709579597940832821,1709579601614204821,3673,870.432,492.805,2.939195836907539,7.867756343317165
6ddc7d1b-93f0-457e-961d-d3cc9645adeb,ef46ba0e-e94e-4f17-ac91-e73d60678e25,114,1709579601724204821,1709579603941327821,2217,865.027,489.97,2.585556983718365,8.053195785138799
6ddc7d1b-93f0-457e-961d-d3cc9645adeb,ef46ba0e-e94e-4f17-ac91-e73d60678e25,115,1709579604051327821,1709579605993201821,1941,858.851,491.02,2.1802910590855307,7.985654839811816
6ddc7d1b-93f0-457e-961d-d3cc9645adeb,ef46ba0e-e94e-4f17-ac91-e73d60678e25,116,1709579606028201821,1709579608055074821,2026,861.453,475.956,2.3547034818179435,8.965829902841294
6ddc7d1b-93f0-457e-961d-d3cc9645adeb,ef46ba0e-e94e-4f17-ac91-e73d60678e25,117,1709579608085074821,1709579609361199821,1276,855.949,496.422,1.9888573822705369,7.634309278437574
6ddc7d1b-93f0-457e-961d-d3cc9645adeb,ef46ba0e-e94e-4f17-ac91-e73d60678e25,118,1709579609461323821,1709579611122822821,1661,864.686,500.761,2.560519146905238,7.350650028028601
6ddc7d1b-93f0-457e-961d-d3cc9645adeb,ef46ba0e-e94e-4f17-ac91-e73d60678e25,119,1709579611307952821,1709579613535070821,2227,867.341,507.837,2.73271850084592,6.88953164699372
6ddc7d1b-93f0-457e-961d-d3cc9645adeb,ef46ba0e-e94e-4f17-ac91-e73d60678e25,120,1709579613560070821,1709579614861195821,1301,869.634,498.61,2.8852796669730747,7.489959756810055
6ddc7d1b-93f0-457e-961d-d3cc9645adeb,ef46ba0e-e94e-4f17-ac91-e73d60678e25,121,1709579614981320821,1709579616767943821,1786,867.462,501.867,2.7421068716676267,7.278272451055277
6ddc7d1b-93f0-457e-961d-d3cc9645adeb,ef46ba0e-e94e-4f17-ac91-e73d60678e25,122,1709579616943193821,1709579620716571821,3773,873.903,487.294,3.1685694973749343,8.225843619971425
6ddc7d1b-93f0-457e-961d-d3cc9645adeb,ef46ba0e-e94e-4f17-ac91-e73d60678e25,123,1709579620746690821,1709579621987814821,1241,877.648,475.571,3.4185627445226787,8.987819359001652
6ddc7d1b-93f0-457e-961d-d3cc9645adeb,ef46ba0e-e94e-4f17-ac91-e73d60678e25,124,1709579622117940821,1709579624159696821,2041,861.318,489.222,2.3425014314809673,8.1023968970484
6ddc7d1b-93f0-457e-961d-d3cc9645adeb,ef46ba0e-e94e-4f17-ac91-e73d60678e25,125,1709579624585188821,1709579626161562821,1576,855.727,477.867,1.9782114082448963,8.84222400609398
6ddc7d1b-93f0-457e-961d-d3cc9645adeb,ef46ba0e-e94e-4f17-ac91-e73d60678e25,126,1709579626266700821,1709579628298560821,2031,859.251,481.73,2.2086611792241677,8.590391585520988
6ddc7d1b-93f0-457e-961d-d3cc9645adeb,ef46ba0e-e94e-4f17-ac91-e73d60678e25,127,1709579628403685821,1709579630970933821,2567,860.897,485.423,2.315813714018844,8.349781423941936
6ddc7d1b-93f0-457e-961d-d3cc9645adeb,ef46ba0e-e94e-4f17-ac91-e73d60678e25,128,1709579631136183821,1709579631421433821,285,863.605,467.126,2.4986581654229476,9.540008433465404
6ddc7d1b-93f0-457e-961d-d3cc9645adeb,ef46ba0e-e94e-4f17-ac91-e73d60678e25,129,1709579631481433821,1709579632492307821,1010,860.501,477.313,2.2918388008681223,8.877666921676532
6ddc7d1b-93f0-457e-961d-d3cc9645adeb,ef46ba0e-e94e-4f17-ac91-e73d60678e25,130,1709579632652568821,1709579632957807821,305,871.358,459.222,3.011356363235142,10.052571012864108
6ddc7d1b-93f0-457e-961d-d3cc9645adeb,ef46ba0e-e94e-4f17-ac91-e73d60678e25,131,1709579633122932821,1709579634193932821,1071,861.463,481.184,2.3540297991624755,8.625597699389184
6ddc7d1b-93f0-457e-961d-d3cc9645adeb,ef46ba0e-e94e-4f17-ac91-e73d60678e25,132,1709579634374056821,1709579634474194821,100,863.517,450.71,2.4981976765805354,10.607705654938725
6ddc7d1b-93f0-457e-961d-d3cc9645adeb,ef46ba0e-e94e-4f17-ac91-e73d60678e25,133,1709579634644306821,1709579636781309821,2137,870.126,497.84,2.9177354644129636,7.540026481537254
6ddc7d1b-93f0-457e-961d-d3cc9645adeb,ef46ba0e-e94e-4f17-ac91-e73d60678e25,134,1709579636821304821,1709579638457803821,1636,860.149,483.433,2.2671691301059713,8.479368650004899
6ddc7d1b-93f0-457e-961d-d3cc9645adeb,ef46ba0e-e94e-4f17-ac91-e73d60678e25,135,1709579638562928821,1709579640114302821,1551,861.944,483.163,2.385098244294764,8.496698895182918
6ddc7d1b-93f0-457e-961d-d3cc9645adeb,ef46ba0e-e94e-4f17-ac91-e73d60678e25,136,1709579640284427821,1709579640704807821,420,847.545,456.317,1.4447473996113824,10.245389915302097
6ddc7d1b-93f0-457e-961d-d3cc9645adeb,ef46ba0e-e94e-4f17-ac91-e73d60678e25,137,1709579640734927821,1709579643092050821,2357,861.114,496.011,2.327534296666571,7.660441732598961
6ddc7d1b-93f0-457e-961d-d3cc9645adeb,ef46ba0e-e94e-4f17-ac91-e73d60678e25,138,1709579643117050821,1709579644973959821,1856,861.678,482.123,2.3679129023191834,8.564438343047433
6ddc7d1b-93f0-457e-961d-d3cc9645adeb,ef46ba0e-e94e-4f17-ac91-e73d60678e25,139,1709579645114084821,1709579646955713821,1841,870.302,480.567,2.93443763952354,8.664280729752214
6ddc7d1b-93f0-457e-961d-d3cc9645adeb,ef46ba0e-e94e-4f17-ac91-e73d60678e25,140,1709579647140959821,1709579648897460821,1756,869.969,482.019,2.912140929773953,8.56981552543708
6ddc7d1b-93f0-457e-961d-d3cc9645adeb,ef46ba0e-e94e-4f17-ac91-e73d60678e25,141,1709579649057710821,1709579653321586821,4263,866.747,489.676,2.698456056282929,8.072053742904137
6ddc7d1b-93f0-457e-961d-d3cc9645adeb,ef46ba0e-e94e-4f17-ac91-e73d60678e25,142,1709579653476711821,1709579655278336821,1801,865.266,483.238,2.6030996525282655,8.491343512899695
6ddc7d1b-93f0-457e-961d-d3cc9645adeb,ef46ba0e-e94e-4f17-ac91-e73d60678e25,143,1709579655498600821,1709579657775587821,2276,866.14,492.805,2.657781936925843,7.868457275352717
6ddc7d1b-93f0-457e-961d-d3cc9645adeb,ef46ba0e-e94e-4f17-ac91-e73d60678e25,144,1709579657810718821,1709579659317087821,1506,858.519,461.76,2.1657362140281777,9.88989214933502
6ddc7d1b-93f0-457e-961d-d3cc9645adeb,ef46ba0e-e94e-4f17-ac91-e73d60678e25,145,1709579659482212821,1709579661509088821,2026,869.552,476.727,2.886415488446506,8.91424948462926
6ddc7d1b-93f0-457e-961d-d3cc9645adeb,ef46ba0e-e94e-4f17-ac91-e73d60678e25,146,1709579661664213821,1709579663560963821,1896,868.823,478.34,2.8380673264862835,8.809470669655397
6ddc7d1b-93f0-457e-961d-d3cc9645adeb,ef46ba0e-e94e-4f17-ac91-e73d60678e25,147,1709579663696088821,1709579665732851821,2036,867.164,471.741,2.7311895050632566,9.239119079286775
6ddc7d1b-93f0-457e-961d-d3cc9645adeb,ef46ba0e-e94e-4f17-ac91-e73d60678e25,148,1709579665878093821,1709579666093214821,215,856.703,439.478,2.0525182795757,11.339146249154389
6ddc7d1b-93f0-457e-961d-d3cc9645adeb,ef46ba0e-e94e-4f17-ac91-e73d60678e25,149,1709579666258339821,1709579666373464821,115,871.428,457.343,3.0167151918832364,10.174706458573606
6ddc7d1b-93f0-457e-961d-d3cc9645adeb,ef46ba0e-e94e-4f17-ac91-e73d60678e25,150,1709579666388471821,1709579669786597821,3398,863.488,476.785,2.488171302747705,8.91152749216435
6ddc7d1b-93f0-457e-961d-d3cc9645adeb,ef46ba0e-e94e-4f17-ac91-e73d60678e25,151,1709579669936722821,1709579670101849821,165,813.417,431.866,-0.8044322198044132,11.835724714696097
6ddc7d1b-93f0-457e-961d-d3cc9645adeb,ef46ba0e-e94e-4f17-ac91-e73d60678e25,152,1709579670121965821,1709579670347090821,225,857.182,444.069,2.0827111726463654,11.04062029581251
6ddc7d1b-93f0-457e-961d-d3cc9645adeb,ef46ba0e-e94e-4f17-ac91-e73d60678e25,153,1709579670377094821,1709579672248840821,1871,860.329,489.99,2.2774238617920783,8.052566188235481
6ddc7d1b-93f0-457e-961d-d3cc9645adeb,ef46ba0e-e94e-4f17-ac91-e73d60678e25,154,1709579672378965821,1709579674265716821,1886,861.35,477.048,2.347651938586196,8.894794885882892
6ddc7d1b-93f0-457e-961d-d3cc9645adeb,ef46ba0e-e94e-4f17-ac91-e73d60678e25,155,1709579674420841821,1709579678189342821,3768,871.339,479.754,3.0027618652378214,8.716979475786598
6ddc7d1b-93f0-457e-961d-d3cc9645adeb,ef46ba0e-e94e-4f17-ac91-e73d60678e25,156,1709579678304342821,1709579680621467821,2317,869.857,486.947,2.903233439820277,8.24912186943277
6ddc7d1b-93f0-457e-961d-d3cc9645adeb,ef46ba0e-e94e-4f17-ac91-e73d60678e25,157,1709579680651592821,1709579681932718821,1281,863.955,469.041,2.5211141000121464,9.415364514325374
6ddc7d1b-93f0-457e-961d-d3cc9645adeb,ef46ba0e-e94e-4f17-ac91-e73d60678e25,158,1709579682057843821,1709579684379968821,2322,872.348,502.646,3.061984292675808,7.226778384337646
6ddc7d1b-93f0-457e-961d-d3cc9645adeb,ef46ba0e-e94e-4f17-ac91-e73d60678e25,159,1709579684419968821,1709579685576094821,1156,874.64,457.874,3.2278958104504074,10.139468450447636
6ddc7d1b-93f0-457e-961d-d3cc9645adeb,ef46ba0e-e94e-4f17-ac91-e73d60678e25,160,1709579685746219821,1709579688033344821,2287,877.016,482.367,3.374506119894596,8.545781142466115
6ddc7d1b-93f0-457e-961d-d3cc9645adeb,ef46ba0e-e94e-4f17-ac91-e73d60678e25,161,1709579688193469821,1709579689334474821,1141,875.713,475.085,3.2916216011147426,9.01983819685026
6ddc7d1b-93f0-457e-961d-d3cc9645adeb,ef46ba0e-e94e-4f17-ac91-e73d60678e25,162,1709579689504595821,1709579689589720821,85,877.281,448.447,3.4059779491393978,10.751602364484993
6ddc7d1b-93f0-457e-961d-d3cc9645adeb,ef46ba0e-e94e-4f17-ac91-e73d60678e25,163,1709579689774845821,1709579691976845821,2202,870.842,485.304,2.9683981236225194,8.355914907012636
6ddc7d1b-93f0-457e-961d-d3cc9645adeb,ef46ba0e-e94e-4f17-ac91-e73d60678e25,164,1709579692157095821,1709579693773596821,1616,866.974,477.401,2.71694088762239,8.870877791878936
6ddc7d1b-93f0-457e-961d-d3cc9645adeb,ef46ba0e-e94e-4f17-ac91-e73d60678e25,165,1709579693988721821,1709579695229846821,1241,868.446,466.83,2.8170380297840834,9.558374733919072
6ddc7d1b-93f0-457e-961d-d3cc9645adeb,ef46ba0e-e94e-4f17-ac91-e73d60678e25,166,1709579695405096821,1709579695670221821,265,858.842,488.133,2.1803608221860213,8.173653016535098
6ddc7d1b-93f0-457e-961d-d3cc9645adeb,ef46ba0e-e94e-4f17-ac91-e73d60678e25,167,1709579695695346821,1709579696951471821,1256,873.938,479.279,3.173534294795421,8.747390065588254
6ddc7d1b-93f0-457e-961d-d3cc9645adeb,ef46ba0e-e94e-4f17-ac91-e73d60678e25,168,1709579697091608821,1709579701495598821,4403,865.563,490.163,2.6206474955646457,8.040517622119058
6ddc7d1b-93f0-457e-961d-d3cc9645adeb,ef46ba0e-e94e-4f17-ac91-e73d60678e25,169,1709579701515598821,1709579703417349821,1901,868.194,483.504,2.795160981815387,8.473514893602113
6ddc7d1b-93f0-457e-961d-d3cc9645adeb,ef46ba0e-e94e-4f17-ac91-e73d60678e25,170,1709579703437349821,1709579705289103821,1851,865.562,485.905,2.621778319166522,8.31770043277499
6ddc7d1b-93f0-457e-961d-d3cc9645adeb,ef46ba0e-e94e-4f17-ac91-e73d60678e25,171,1709579705484230821,1709579707275850821,1791,869.152,496.378,2.8542742735772606,7.635359388067787
6ddc7d1b-93f0-457e-961d-d3cc9645adeb,ef46ba0e-e94e-4f17-ac91-e73d60678e25,172,1709579707420982821,1709579708957475821,1536,857.957,496.709,2.1204115147882754,7.615386115718677
6ddc7d1b-93f0-457e-961d-d3cc9645adeb,ef46ba0e-e94e-4f17-ac91-e73d60678e25,173,1709579709117601821,1709579709317726821,200,866.712,480.981,2.6986204137980887,8.637938895006037
6ddc7d1b-93f0-457e-961d-d3cc9645adeb,ef46ba0e-e94e-4f17-ac91-e73d60678e25,174,1709579709377858821,1709579710688976821,1311,864.524,493.574,2.5516381664689423,7.818654712802105
6ddc7d1b-93f0-457e-961d-d3cc9645adeb,ef46ba0e-e94e-4f17-ac91-e73d60678e25,175,1709579710869226821,1709579712585727821,1716,867.663,492.493,2.757740887601073,7.888506151425013
6ddc7d1b-93f0-457e-961d-d3cc9645adeb,ef46ba0e-e94e-4f17-ac91-e73d60678e25,176,1709579712770977821,1709579716534353821,3763,854.717,486.019,1.9101419762756167,8.31173127277291
6ddc7d1b-93f0-457e-961d-d3cc9645adeb,ef46ba0e-e94e-4f17-ac91-e73d60678e25,177,1709579716724478821,1709579718180853821,1456,851.537,474.679,1.7036808773057868,9.050244654139956
6ddc7d1b-93f0-457e-961d-d3cc9645adeb,ef46ba0e-e94e-4f17-ac91-e73d60678e25,178,1709579718325984821,1709579720222729821,1896,864.459,475.394,2.552333575828988,9.001916508215151
6ddc7d1b-93f0-457e-961d-d3cc9645adeb,ef46ba0e-e94e-4f17-ac91-e73d60678e25,179,1709579720372854821,1709579722504855821,2132,856.95,480.085,2.057986368255104,8.69770826639405
6ddc7d1b-93f0-457e-961d-d3cc9645adeb,ef46ba0e-e94e-4f17-ac91-e73d60678e25,180,1709579722524855821,1709579723735981821,1211,858.836,474.604,2.1831997997292105,9.054160522840247
6ddc7d1b-93f0-457e-961d-d3cc9645adeb,ef46ba0e-e94e-4f17-ac91-e73d60678e25,181,1709579723856106821,1709579727028982821,3172,859.715,467.534,2.2428041195673876,9.514064318578143
6ddc7d1b-93f0-457e-961d-d3cc9645adeb,ef46ba0e-e94e-4f17-ac91-e73d60678e25,182,1709579727184107821,1709579728815607821,1631,871.087,472.478,2.988674360521678,9.190420869820418
6ddc7d1b-93f0-457e-961d-d3cc9645adeb,ef46ba0e-e94e-4f17-ac91-e73d60678e25,183,1709579729045857821,1709579731227733821,2181,865.805,487.149,2.637357457848959,8.236686968404817
6ddc7d1b-93f0-457e-961d-d3cc9645adeb,ef46ba0e-e94e-4f17-ac91-e73d60678e25,184,1709579731392983821,1709579734956234821,3563,864.414,489.158,2.545607277889645,8.106118230288022
6ddc7d1b-93f0-457e-961d-d3cc9645adeb,ef46ba0e-e94e-4f17-ac91-e73d60678e25,185,1709579735091359821,1709579736652735821,1561,875.287,491.62,3.2579351296564347,7.944015533751298
6ddc7d1b-93f0-457e-961d-d3cc9645adeb,ef46ba0e-e94e-4f17-ac91-e73d60678e25,186,1709579736807860821,1709579738594502821,1786,883.288,494.125,3.7816123542450852,7.779355789283186
6ddc7d1b-93f0-457e-961d-d3cc9645adeb,ef46ba0e-e94e-4f17-ac91-e73d60678e25,187,1709579738724611821,1709579738809736821,85,886.501,423.977,4.027872856199085,12.338339391077561
6ddc7d1b-93f0-457e-961d-d3cc9645adeb,ef46ba0e-e94e-4f17-ac91-e73d60678e25,188,1709579738979861821,1709579739134994821,155,903.836,433.34,5.166552432145592,11.723416830489459
6ddc7d1b-93f0-457e-961d-d3cc9645adeb,ef46ba0e-e94e-4f17-ac91-e73d60678e25,189,1709579739170124821,1709579739345236821,175,830.245,455.484,0.30583275240959873,10.300563953573366
6ddc7d1b-93f0-457e-961d-d3cc9645adeb,ef46ba0e-e94e-4f17-ac91-e73d60678e25,190,1709579739500361821,1709579741111862821,1611,862.644,501.187,2.4265936614147963,7.323198426268919
6ddc7d1b-93f0-457e-961d-d3cc9645adeb,ef46ba0e-e94e-4f17-ac91-e73d60678e25,191,1709579741291987821,1709579741392112821,100,886.036,467.836,3.9730156849072307,9.488744932052036
6ddc7d1b-93f0-457e-961d-d3cc9645adeb,ef46ba0e-e94e-4f17-ac91-e73d60678e25,192,1709579741567237821,1709579742853488821,1286,868.676,486.196,2.8260122864370616,8.29825948489765
6ddc7d1b-93f0-457e-961d-d3cc9645adeb,ef46ba0e-e94e-4f17-ac91-e73d60678e25,193,1709579743033619821,1709579744875238821,1841,865.853,494.643,2.63854066193006,7.748816727166809
6ddc7d1b-93f0-457e-961d-d3cc9645adeb,ef46ba0e-e94e-4f17-ac91-e73d60678e25,194,1709579745070488821,1709579751441241821,6370,865.743,479.234,2.6355366968289045,8.751829892423475
6ddc7d1b-93f0-457e-961d-d3cc9645adeb,ef46ba0e-e94e-4f17-ac91-e73d60678e25,195,1709579751566366821,1709579753413117821,1846,864.815,473.983,2.576172481955159,9.093636848806327
6ddc7d1b-93f0-457e-961d-d3cc9645adeb,ef46ba0e-e94e-4f17-ac91-e73d60678e25,196,1709579753548242821,1709579753623242821,75,878.177,446.707,3.465821213772971,10.864449015010178
6ddc7d1b-93f0-457e-961d-d3cc9645adeb,ef46ba0e-e94e-4f17-ac91-e73d60678e25,197,1709579753773367821,1709579755014492821,1241,865.896,465.489,2.6498289799862693,9.646075869020411
6ddc7d1b-93f0-457e-961d-d3cc9645adeb,ef46ba0e-e94e-4f17-ac91-e73d60678e25,198,1709579755189742821,1709579757326618821,2136,870.109,472.417,2.9244641850683872,9.194555318424563
6ddc7d1b-93f0-457e-961d-d3cc9645adeb,ef46ba0e-e94e-4f17-ac91-e73d60678e25,199,1709579757361743821,1709579759178369821,1816,862.762,478.12,2.4401238911795686,8.824822068358523
6ddc7d1b-93f0-457e-961d-d3cc9645adeb,ef46ba0e-e94e-4f17-ac91-e73d60678e25,200,1709579759208369821,1709579760394495821,1186,874.297,458.709,3.204952093882957,10.085226179453866
6ddc7d1b-93f0-457e-961d-d3cc9645adeb,ef46ba0e-e94e-4f17-ac91-e73d60678e25,201,1709579760514619821,1709579762050995821,1536,868.808,470.544,2.839600200159899,9.316713939942083
6ddc7d1b-93f0-457e-961d-d3cc9645adeb,ef46ba0e-e94e-4f17-ac91-e73d60678e25,202,1709579762181120821,1709579764127871821,1946,861.606,456.401,2.3704932347270553,10.237967628499195
6ddc7d1b-93f0-457e-961d-d3cc9645adeb,ef46ba0e-e94e-4f17-ac91-e73d60678e25,203,1709579764252996821,1709579767255747821,3002,872.459,449.601,3.087735032835397,10.67785520925176
6ddc7d1b-93f0-457e-961d-d3cc9645adeb,ef46ba0e-e94e-4f17-ac91-e73d60678e25,204,1709579767390877821,1709579771179374821,3788,868.764,458.487,2.840953793153092,10.100916147705052
6ddc7d1b-93f0-457e-961d-d3cc9645adeb,ef46ba0e-e94e-4f17-ac91-e73d60678e25,205,1709579771269386821,1709579773141125821,1871,874.327,444.86,3.2128665447506615,10.98555017070695
6ddc7d1b-93f0-457e-961d-d3cc9645adeb,ef46ba0e-e94e-4f17-ac91-e73d60678e25,206,1709579773266250821,1709579775833626821,2567,864.99,470.0,2.5888304287918955,9.352800864870888
6ddc7d1b-93f0-457e-961d-d3cc9645adeb,ef46ba0e-e94e-4f17-ac91-e73d60678e25,207,1709579775968751821,1709579777370002821,1401,861.483,461.87,2.3606880626733044,9.882281676319746
6ddc7d1b-93f0-457e-961d-d3cc9645adeb,ef46ba0e-e94e-4f17-ac91-e73d60678e25,208,1709579777485127821,1709579777640252821,155,864.101,456.887,2.5345792674343803,10.205880405545702
6ddc7d1b-93f0-457e-961d-d3cc9645adeb,ef46ba0e-e94e-4f17-ac91-e73d60678e25,209,1709579777795380821,1709579779947378821,2151,860.148,471.044,2.2702935599892196,9.28568156216125
6ddc7d1b-93f0-457e-961d-d3cc9645adeb,ef46ba0e-e94e-4f17-ac91-e73d60678e25,210,1709579780097503821,1709579783345505821,3248,859.668,463.408,2.2408303476244362,9.7824862688517
6ddc7d1b-93f0-457e-961d-d3cc9645adeb,ef46ba0e-e94e-4f17-ac91-e73d60678e25,211,1709579783485630821,1709579790667137821,7181,857.067,471.176,2.067824723655737,9.27749696682886
6ddc7d1b-93f0-457e-961d-d3cc9645adeb,ef46ba0e-e94e-4f17-ac91-e73d60678e25,212,1709579790822258821,1709579794390510821,3568,863.638,473.3,2.49898052810366,9.138296620547804
6ddc7d1b-93f0-457e-961d-d3cc9645adeb,ef46ba0e-e94e-4f17-ac91-e73d60678e25,213,1709579794520635821,1709579795151260821,630,867.486,434.753,2.765938004197645,11.644065918170215
6ddc7d1b-93f0-457e-961d-d3cc9645adeb,ef46ba0e-e94e-4f17-ac91-e73d60678e25,214,1709579795181260821,1709579796662636821,1481,853.504,491.582,1.8295036032808385,7.94971231590677
6ddc7d1b-93f0-457e-961d-d3cc9645adeb,ef46ba0e-e94e-4f17-ac91-e73d60678e25,215,1709579796822761821,1709579799535271821,2712,866.433,473.031,2.6827380843082587,9.155330646264435
6ddc7d1b-93f0-457e-961d-d3cc9645adeb,ef46ba0e-e94e-4f17-ac91-e73d60678e25,216,1709579799560265821,1709579801021645821,1461,865.494,456.906,2.6262556232274914,10.204393572781047
6ddc7d1b-93f0-457e-961d-d3cc9645adeb,ef46ba0e-e94e-4f17-ac91-e73d60678e25,217,1709579801191763821,1709579802447889821,1256,858.008,462.604,2.131866475731537,9.83506604790258
6ddc7d1b-93f0-457e-961d-d3cc9645adeb,ef46ba0e-e94e-4f17-ac91-e73d60678e25,218,1709579802558014821,1709579804054390821,1496,864.506,476.351,2.5551305343243054,8.939613179917833
6ddc7d1b-93f0-457e-961d-d3cc9645adeb,ef46ba0e-e94e-4f17-ac91-e73d60678e25,219,1709579804174524821,1709579806256391821,2081,866.668,484.192,2.694834341842267,8.42902538875557
6ddc7d1b-93f0-457e-961d-d3cc9645adeb,ef46ba0e-e94e-4f17-ac91-e73d60678e25,220,1709579806296391821,1709579808073017821,1776,863.995,473.886,2.5223121920550113,9.100141592129315
6ddc7d1b-93f0-457e-961d-d3cc9645adeb,ef46ba0e-e94e-4f17-ac91-e73d60678e25,221,1709579808208142821,1709579809854643821,1646,871.092,469.33,2.9901073421602895,9.395197023248395
6ddc7d1b-93f0-457e-961d-d3cc9645adeb,ef46ba0e-e94e-4f17-ac91-e73d60678e25,222,1709579809979768821,1709579811391144821,1411,863.84,468.391,2.513758233957273,9.457634541119898
6ddc7d1b-93f0-457e-961d-d3cc9645adeb,ef46ba0e-e94e-4f17-ac91-e73d60678e25,223,1709579811541269821,1709579811706394821,165,867.774,457.161,2.7762188316980394,10.187356351328987
6ddc7d1b-93f0-457e-961d-d3cc9645adeb,ef46ba0e-e94e-4f17-ac91-e73d60678e25,224,1709579811851524821,1709579814779158821,2927,860.261,466.905,2.278909567028675,9.554909641110285
6ddc7d1b-93f0-457e-961d-d3cc9645adeb,ef46ba0e-e94e-4f17-ac91-e73d60678e25,225,1709579814799275821,1709579816170408821,1371,862.448,459.48,2.424960761526603,10.03755306825102
6ddc7d1b-93f0-457e-961d-d3cc9645adeb,ef46ba0e-e94e-4f17-ac91-e73d60678e25,226,1709579816315647821,1709579816405647821,90,858.422,447.484,2.163431414918215,10.818381799476857
6ddc7d1b-93f0-457e-961d-d3cc9645adeb,ef46ba0e-e94e-4f17-ac91-e73d60678e25,227,1709579816545772821,1709579820404399821,3858,862.35,482.349,2.411949439236522,8.549641490736542
6ddc7d1b-93f0-457e-961d-d3cc9645adeb,ef46ba0e-e94e-4f17-ac91-e73d60678e25,228,1709579820524399821,1709579822060900821,1536,867.539,482.983,2.752335637528602,8.50754071349215
6ddc7d1b-93f0-457e-961d-d3cc9645adeb,ef46ba0e-e94e-4f17-ac91-e73d60678e25,229,1709579822206025821,1709579823857526821,1651,867.787,493.126,2.7657259277160695,7.847282317519454
6ddc7d1b-93f0-457e-961d-d3cc9645adeb,ef46ba0e-e94e-4f17-ac91-e73d60678e25,230,1709579824022655821,1709579825669152821,1646,871.286,480.995,2.998919804786061,8.636208031733936
6ddc7d1b-93f0-457e-961d-d3cc9645adeb,ef46ba0e-e94e-4f17-ac91-e73d60678e25,231,1709579825819277821,1709579827275664821,1456,865.949,485.114,2.6473731854752494,8.369110989878658
6ddc7d1b-93f0-457e-961d-d3cc9645adeb,ef46ba0e-e94e-4f17-ac91-e73d60678e25,232,1709579827410778821,1709579828817029821,1406,862.341,478.585,2.4123467420758398,8.794602418148749
6ddc7d1b-93f0-457e-961d-d3cc9645adeb,ef46ba0e-e94e-4f17-ac91-e73d60678e25,233,1709579828957162821,1709579829492654821,535,873.416,478.596,3.1395570550815073,8.791910115591568
6ddc7d1b-93f0-457e-961d-d3cc9645adeb,ef46ba0e-e94e-4f17-ac91-e73d60678e25,234,1709579829557654821,1709579830593655821,1036,866.802,484.881,2.703394092437665,8.384106510973249
6ddc7d1b-93f0-457e-961d-d3cc9645adeb,ef46ba0e-e94e-4f17-ac91-e73d60678e25,235,1709579830723789821,1709579830873905821,150,860.237,484.36,2.2727557516716215,8.41905376286714
6ddc7d1b-93f0-457e-961d-d3cc9645adeb,ef46ba0e-e94e-4f17-ac91-e73d60678e25,236,1709579831034030821,1709579832490406821,1456,863.505,489.262,2.4859344305951097,8.099479133741376
6ddc7d1b-93f0-457e-961d-d3cc9645adeb,ef46ba0e-e94e-4f17-ac91-e73d60678e25,237,1709579832615531821,1709579833856657821,1241,865.384,492.749,2.6082610123145193,7.872192380717443
6ddc7d1b-93f0-457e-961d-d3cc9645adeb,ef46ba0e-e94e-4f17-ac91-e73d60678e25,238,1709579833966783821,1709579835483158821,1516,864.895,486.574,2.5777875735587585,8.274225461589635
6ddc7d1b-93f0-457e-961d-d3cc9645adeb,ef46ba0e-e94e-4f17-ac91-e73d60678e25,239,1709579835658283821,1709579837494909821,1836,873.921,489.963,3.168858160116127,8.052085106200357
6ddc7d1b-93f0-457e-961d-d3cc9645adeb,ef46ba0e-e94e-4f17-ac91-e73d60678e25,240,1709579837670159821,1709579838891285821,1221,868.508,471.147,2.8196720642739757,9.277491645194102
6ddc7d1b-93f0-457e-961d-d3cc9645adeb,ef46ba0e-e94e-4f17-ac91-e73d60678e25,241,1709579838971285821,1709579843345287821,4374,865.668,488.628,2.627943576435421,8.14043612056219
6ddc7d1b-93f0-457e-961d-d3cc9645adeb,ef46ba0e-e94e-4f17-ac91-e73d60678e25,242,1709579843510412821,1709579844786663821,1276,864.279,486.839,2.5373306947098797,8.257088422737173
6ddc7d1b-93f0-457e-961d-d3cc9645adeb,ef46ba0e-e94e-4f17-ac91-e73d60678e25,243,1709579844941788821,1709579845192039821,250,859.296,498.225,2.2079106076080857,7.516466757460533
6ddc7d1b-93f0-457e-961d-d3cc9645adeb,ef46ba0e-e94e-4f17-ac91-e73d60678e25,244,1709579845217039821,1709579846588289821,1371,871.85,498.837,3.0304206649313,7.474827424717834
6ddc7d1b-93f0-457e-961d-d3cc9645adeb,ef46ba0e-e94e-4f17-ac91-e73d60678e25,245,1709579846758415821,1709579847769419821,1011,866.778,492.006,2.699823665533049,7.920373881346755
6ddc7d1b-93f0-457e-961d-d3cc9645adeb,ef46ba0e-e94e-4f17-ac91-e73d60678e25,246,1709579847924549821,1709579849455916821,1531,868.694,494.324,2.824851562754927,7.7691777817068095
6ddc7d1b-93f0-457e-961d-d3cc9645adeb,ef46ba0e-e94e-4f17-ac91-e73d60678e25,247,1709579849616041821,1709579851212542821,1596,866.06,486.71,2.6541892764033563,8.26518155518948
6ddc7d1b-93f0-457e-961d-d3cc9645adeb,ef46ba0e-e94e-4f17-ac91-e73d60678e25,248,1709579851357680821,1709579852934043821,1576,872.056,496.228,3.044699444509775,7.644620135894243
6ddc7d1b-93f0-457e-961d-d3cc9645adeb,ef46ba0e-e94e-4f17-ac91-e73d60678e25,249,1709579853084168821,1709579854525545821,1441,870.141,493.424,2.9199717939931706,7.827521700870022
6ddc7d1b-93f0-457e-961d-d3cc9645adeb,ef46ba0e-e94e-4f17-ac91-e73d60678e25,250,1709579854865795821,1709579856902671821,2036,867.228,504.857,2.726054163531708,7.083594747727661
6ddc7d1b-93f0-457e-961d-d3cc9645adeb,ef46ba0e-e94e-4f17-ac91-e73d60678e25,251,1709579856922671821,1709579857998672821,1076,873.374,498.162,3.130498445522653,7.518517502094579
6ddc7d1b-93f0-457e-961d-d3cc9645adeb,ef46ba0e-e94e-4f17-ac91-e73d60678e25,252,1709579858138797821,1709579861281674821,3142,867.059,494.279,2.717667966704668,7.772331016062176
6ddc7d1b-93f0-457e-961d-d3cc9645adeb,ef46ba0e-e94e-4f17-ac91-e73d60678e25,253,1709579861431799821,1709579862928175821,1496,870.196,496.294,2.9227315837086834,7.6406678854814984
6ddc7d1b-93f0-457e-961d-d3cc9645adeb,ef46ba0e-e94e-4f17-ac91-e73d60678e25,254,1709579863078308821,1709579864935061821,1856,870.039,481.126,2.917012190636927,8.627952756104973
6ddc7d1b-93f0-457e-961d-d3cc9645adeb,ef46ba0e-e94e-4f17-ac91-e73d60678e25,255,1709579865115176821,1709579866826803821,1711,870.671,483.68,2.9576450764785314,8.46160073878139
6ddc7d1b-93f0-457e-961d-d3cc9645adeb,ef46ba0e-e94e-4f17-ac91-e73d60678e25,256,1709579866946941821,1709579868733554821,1786,864.136,487.348,2.5278318206230748,8.223987644761332
6ddc7d1b-93f0-457e-961d-d3cc9645adeb,ef46ba0e-e94e-4f17-ac91-e73d60678e25,257,1709579868853679821,1709579869118940821,265,900.686,436.863,4.95606320870057,11.496055421013581
6ddc7d1b-93f0-457e-961d-d3cc9645adeb,ef46ba0e-e94e-4f17-ac91-e73d60678e25,258,1709579869138934821,1709579871365931821,2226,868.164,490.088,2.7912796173317185,8.045008770870671
6ddc7d1b-93f0-457e-961d-d3cc9645adeb,ef46ba0e-e94e-4f17-ac91-e73d60678e25,259,1709579871536056821,1709579876120309821,4584,874.463,497.711,3.2019594114541765,7.547697116361475
6ddc7d1b-93f0-457e-961d-d3cc9645adeb,ef46ba0e-e94e-4f17-ac91-e73d60678e25,260,1709579876270434821,1709579877771810821,1501,869.228,497.011,2.8590817854396122,7.594124717295315
6ddc7d1b-93f0-457e-961d-d3cc9645adeb,ef46ba0e-e94e-4f17-ac91-e73d60678e25,261,1709579877926935821,1709579881555192821,3628,859.577,491.549,2.227735462935906,7.951146030019606
6ddc7d1b-93f0-457e-961d-d3cc9645adeb,ef46ba0e-e94e-4f17-ac91-e73d60678e25,262,1709579881700438821,1709579885188565821,3488,863.107,491.542,2.459217356611165,7.951135223450046
6ddc7d1b-93f0-457e-961d-d3cc9645adeb,ef46ba0e-e94e-4f17-ac91-e73d60678e25,263,1709579885213565821,1709579886614825821,1401,866.135,469.115,2.6644036045453614,9.410151638764306
6ddc7d1b-93f0-457e-961d-d3cc9645adeb,ef46ba0e-e94e-4f17-ac91-e73d60678e25,264,1709579886810066821,1709579893070821821,6260,868.013,487.76,2.782057580025324,8.196525006251049
6ddc7d1b-93f0-457e-961d-d3cc9645adeb,ef46ba0e-e94e-4f17-ac91-e73d60678e25,265,1709579893190946821,1709579900887952821,7697,866.603,489.22,2.689123570356267,8.101715272400456
6ddc7d1b-93f0-457e-961d-d3cc9645adeb,ef46ba0e-e94e-4f17-ac91-e73d60678e25,266,1709579901203202821,1709579902924842821,1721,873.219,475.062,3.1278663790201553,9.021863312599582
6ddc7d1b-93f0-457e-961d-d3cc9645adeb,ef46ba0e-e94e-4f17-ac91-e73d60678e25,267,1709579903074953821,1709579904586330821,1511,871.686,485.925,3.023525983694875,8.315320021592846
6ddc7d1b-93f0-457e-961d-d3cc9645adeb,ef46ba0e-e94e-4f17-ac91-e73d60678e25,268,1709579904726455821,1709579906663206821,1936,870.91,477.085,2.975471123719911,8.890741791779277
6ddc7d1b-93f0-457e-961d-d3cc9645adeb,ef46ba0e-e94e-4f17-ac91-e73d60678e25,269,1709579906813334821,1709579908219582821,1406,867.83,471.311,2.775102155784384,9.266959405057449
6ddc7d1b-93f0-457e-961d-d3cc9645adeb,ef46ba0e-e94e-4f17-ac91-e73d60678e25,270,1709579908314707821,1709579910136334821,1821,868.346,476.547,2.8072525592936985,8.926178552425828
6ddc7d1b-93f0-457e-961d-d3cc9645adeb,ef46ba0e-e94e-4f17-ac91-e73d60678e25,271,1709579910286584821,1709579911857965821,1571,868.96,468.342,2.850351327966613,9.459923688731367
6ddc7d1b-93f0-457e-961d-d3cc9645adeb,ef46ba0e-e94e-4f17-ac91-e73d60678e25,272,1709579911988085821,1709579914480337821,2492,863.297,475.518,2.4759528676679854,8.994062888253206
6ddc7d1b-93f0-457e-961d-d3cc9645adeb,ef46ba0e-e94e-4f17-ac91-e73d60678e25,273,1709579914630462821,1709579917708112821,3077,862.542,475.92,2.426253414487336,8.9680083396158
6ddc7d1b-93f0-457e-961d-d3cc9645adeb,ef46ba0e-e94e-4f17-ac91-e73d60678e25,274,1709579917843237821,1709579924529364821,6686,858.887,482.52,2.1846057020238296,8.539016860537012
6ddc7d1b-93f0-457e-961d-d3cc9645adeb,ef46ba0e-e94e-4f17-ac91-e73d60678e25,275,1709579924624364821,1709579924699489821,75,871.387,443.436,3.019681859685243,11.078861582319192
6ddc7d1b-93f0-457e-961d-d3cc9645adeb,ef46ba0e-e94e-4f17-ac91-e73d60678e25,276,1709579924869614821,1709579926761365821,1891,859.778,479.094,2.24389079390772,8.761871853978356
6ddc7d1b-93f0-457e-961d-d3cc9645adeb,ef46ba0e-e94e-4f17-ac91-e73d60678e25,277,1709579927101615821,1709579928748115821,1646,860.272,479.304,2.2763250620991555,8.748146600265295
6ddc7d1b-93f0-457e-961d-d3cc9645adeb,ef46ba0e-e94e-4f17-ac91-e73d60678e25,278,1709579928898365821,1709579930484741821,1586,860.425,485.674,2.2847673676418347,8.333493027594937
6ddc7d1b-93f0-457e-961d-d3cc9645adeb,ef46ba0e-e94e-4f17-ac91-e73d60678e25,279,1709579930634866821,1709579932796866821,2162,865.04,498.344,2.5842872318955745,7.507994260321783
6ddc7d1b-93f0-457e-961d-d3cc9645adeb,ef46ba0e-e94e-4f17-ac91-e73d60678e25,280,1709579932816866821,1709579935659492821,2842,865.606,489.711,2.6236008608762833,8.069911408641493
6ddc7d1b-93f0-457e-961d-d3cc9645adeb,ef46ba0e-e94e-4f17-ac91-e73d60678e25,281,1709579935819618821,1709579939297869821,3478,868.173,498.1,2.7896684519814783,7.523418361155247
6ddc7d1b-93f0-457e-961d-d3cc9645adeb,ef46ba0e-e94e-4f17-ac91-e73d60678e25,282,1709579939482994821,1709579942425620821,2942,866.126,500.998,2.6547790751860396,7.335054872122214
6ddc7d1b-93f0-457e-961d-d3cc9645adeb,ef46ba0e-e94e-4f17-ac91-e73d60678e25,283,1709579942520745821,1709579943967120821,1446,868.016,499.253,2.7790748007912365,7.44836279620845
6ddc7d1b-93f0-457e-961d-d3cc9645adeb,ef46ba0e-e94e-4f17-ac91-e73d60678e25,284,1709579944117245821,1709579949146879821,5029,861.508,494.133,2.3537859734951296,7.78262345616981
6ddc7d1b-93f0-457e-961d-d3cc9645adeb,ef46ba0e-e94e-4f17-ac91-e73d60678e25,285,1709579949336997821,1709579951218748821,1881,867.891,489.339,2.773611755923051,8.093781864134565
6ddc7d1b-93f0-457e-961d-d3cc9645adeb,ef46ba0e-e94e-4f17-ac91-e73d60678e25,286,1709579951348873821,1709579952990374821,1641,864.313,487.237,2.539430412100417,8.23120368524961
6ddc7d1b-93f0-457e-961d-d3cc9645adeb,ef46ba0e-e94e-4f17-ac91-e73d60678e25,287,1709579953115499821,1709579954842000821,1726,864.77,497.362,2.566818546957514,7.571943898032195
6ddc7d1b-93f0-457e-961d-d3cc9645adeb,ef46ba0e-e94e-4f17-ac91-e73d60678e25,288,1709579954977125821,1709579956178250821,1201,859.923,486.665,2.2515939229355597,8.269018668059536
6ddc7d1b-93f0-457e-961d-d3cc9645adeb,ef46ba0e-e94e-4f17-ac91-e73d60678e25,289,1709579956348375821,1709579959426251821,3077,865.758,498.421,2.6313218143790125,7.502843500542985
6ddc7d1b-93f0-457e-961d-d3cc9645adeb,ef46ba0e-e94e-4f17-ac91-e73d60678e25,290,1709579959611377821,1709579961002627821,1391,864.819,492.639,2.5712247465123763,7.879420622004403
6ddc7d1b-93f0-457e-961d-d3cc9645adeb,ef46ba0e-e94e-4f17-ac91-e73d60678e25,291,1709579961062752821,1709579961242877821,180,873.436,531.009,3.126216954733811,5.379420012575168
6ddc7d1b-93f0-457e-961d-d3cc9645adeb,ef46ba0e-e94e-4f17-ac91-e73d60678e25,292,1709579961408002821,1709579962609128821,1201,866.401,485.325,2.6769705285488667,8.355310839662167
6ddc7d1b-93f0-457e-961d-d3cc9645adeb,ef46ba0e-e94e-4f17-ac91-e73d60678e25,293,1709579962659128821,1709579966137379821,3478,859.611,502.121,2.22774305292183,7.262756510714681
6ddc7d1b-93f0-457e-961d-d3cc9645adeb,ef46ba0e-e94e-4f17-ac91-e73d60678e25,294,1709579966262511821,1709579967333380821,1070,862.623,515.059,2.4223566533590257,6.419710382068348
6ddc7d1b-93f0-457e-961d-d3cc9645adeb,ef46ba0e-e94e-4f17-ac91-e73d60678e25,295,1709579967468505821,1709579970241131821,2772,867.017,496.184,2.7143989038209035,7.648358224182863
6ddc7d1b-93f0-457e-961d-d3cc9645adeb,ef46ba0e-e94e-4f17-ac91-e73d60678e25,296,1709579970386262821,1709579971552257821,1165,869.225,484.696,2.862447192830218,8.395787422828608
6ddc7d1b-93f0-457e-961d-d3cc9645adeb,ef46ba0e-e94e-4f17-ac91-e73d60678e25,297,1709579971692382821,1709579973178758821,1486,860.911,486.609,2.316431431378115,8.272527558733053
6ddc7d1b-93f0-457e-961d-d3cc9645adeb,ef46ba0e-e94e-4f17-ac91-e73d60678e25,298,1709579973328891821,1709579976171509821,2842,856.134,498.642,2.0005969087215765,7.489707547300833
6ddc7d1b-93f0-457e-961d-d3cc9645adeb,ef46ba0e-e94e-4f17-ac91-e73d60678e25,299,1709579976311634821,1709579986365893821,10054,855.274,491.739,1.945546171096275,7.939306660288133
6ddc7d1b-93f0-457e-961d-d3cc9645adeb,ef46ba0e-e94e-4f17-ac91-e73d60678e25,300,1709579986511014821,1709579987942265821,1431,857.824,486.074,2.113984858040168,8.307808783093618
6ddc7d1b-93f0-457e-961d-d3cc9645adeb,ef46ba0e-e94e-4f17-ac91-e73d60678e25,301,1709579988092389821,1709579989518765821,1426,861.347,493.136,2.3434745567548663,7.8475802920480024
6ddc7d1b-93f0-457e-961d-d3cc9645adeb,ef46ba0e-e94e-4f17-ac91-e73d60678e25,302,1709579989653890821,1709579991045141821,1391,860.114,495.304,2.262113485726101,7.70659898394623
6ddc7d1b-93f0-457e-961d-d3cc9645adeb,ef46ba0e-e94e-4f17-ac91-e73d60678e25,303,1709579991235267821,1709579992816767821,1581,858.345,502.951,2.144633947656642,7.208822503862539
6ddc7d1b-93f0-457e-961d-d3cc9645adeb,ef46ba0e-e94e-4f17-ac91-e73d60678e25,304,1709579992961892821,1709579994573269821,1611,860.253,487.057,2.27315789872547,8.243461158052416
6ddc7d1b-93f0-457e-961d-d3cc9645adeb,ef46ba0e-e94e-4f17-ac91-e73d60678e25,305,1709579994608399821,1709579994923643821,315,869.677,512.902,2.884471237612478,6.559352898868588
6ddc7d1b-93f0-457e-961d-d3cc9645adeb,ef46ba0e-e94e-4f17-ac91-e73d60678e25,306,1709579995088768821,1709580001344521821,6255,857.704,496.96,2.103798851287828,7.5990774463064374
6ddc7d1b-93f0-457e-961d-d3cc9645adeb,ef46ba0e-e94e-4f17-ac91-e73d60678e25,307,1709580001474646821,1709580003061026821,1586,864.039,495.888,2.5192641127563875,7.668065985668401
6ddc7d1b-93f0-457e-961d-d3cc9645adeb,ef46ba0e-e94e-4f17-ac91-e73d60678e25,308,1709580003201272821,1709580004632528821,1431,857.012,496.152,2.0586303749722847,7.651765956098072
6ddc7d1b-93f0-457e-961d-d3cc9645adeb,ef46ba0e-e94e-4f17-ac91-e73d60678e25,309,1709580004792648821,1709580006284024821,1491,867.14,499.456,2.7216241111982273,7.435312532613889
6ddc7d1b-93f0-457e-961d-d3cc9645adeb,ef46ba0e-e94e-4f17-ac91-e73d60678e25,310,1709580006419149821,1709580007895538821,1476,862.527,496.682,2.4200102111717867,7.616573905686235
6ddc7d1b-93f0-457e-961d-d3cc9645adeb,ef46ba0e-e94e-4f17-ac91-e73d60678e25,311,1709580008070650821,1709580009742151821,1671,863.917,498.488,2.510671990469348,7.498760529288037
6ddc7d1b-93f0-457e-961d-d3cc9645adeb,ef46ba0e-e94e-4f17-ac91-e73d60678e25,312,1709580009922400821,1709580011608902821,1686,864.152,502.131,2.5252269895120345,7.261535400516852
6ddc7d1b-93f0-457e-961d-d3cc9645adeb,ef46ba0e-e94e-4f17-ac91-e73d60678e25,313,1709580011769026821,1709580015322282821,3553,864.876,501.152,2.572883266130514,7.325171161318781
6ddc7d1b-93f0-457e-961d-d3cc9645adeb,ef46ba0e-e94e-4f17-ac91-e73d60678e25,314,1709580015507404821,1709580018915530821,3408,865.572,504.884,2.6176025414328192,7.08204831198833
6ddc7d1b-93f0-457e-961d-d3cc9645adeb,ef46ba0e-e94e-4f17-ac91-e73d60678e25,315,1709580019095780821,1709580022068407821,2972,863.252,484.409,2.4705804055311185,8.41543939210914
6ddc7d1b-93f0-457e-961d-d3cc9645adeb,ef46ba0e-e94e-4f17-ac91-e73d60678e25,316,1709580022193532821,1709580023694913821,1501,859.354,487.057,2.2141395803898267,8.243588072485018
6ddc7d1b-93f0-457e-961d-d3cc9645adeb,ef46ba0e-e94e-4f17-ac91-e73d60678e25,317,1709580023860037821,1709580025576659821,1716,859.631,497.009,2.230112602776572,7.595659927688308
6ddc7d1b-93f0-457e-961d-d3cc9645adeb,ef46ba0e-e94e-4f17-ac91-e73d60678e25,318,1709580025756784821,1709580028554419821,2797,858.71,490.309,2.1712040358432176,8.031973634259828
6ddc7d1b-93f0-457e-961d-d3cc9645adeb,ef46ba0e-e94e-4f17-ac91-e73d60678e25,319,1709580028709536821,1709580031597163821,2887,859.625,496.598,2.2298111978587873,7.622410152115571
6ddc7d1b-93f0-457e-961d-d3cc9645adeb,ef46ba0e-e94e-4f17-ac91-e73d60678e25,320,1709580031762292821,1709580033398788821,1636,859.812,495.322,2.242325400363982,7.705462382563796
6ddc7d1b-93f0-457e-961d-d3cc9645adeb,ef46ba0e-e94e-4f17-ac91-e73d60678e25,321,1709580033604039821,1709580039709542821,6105,862.676,500.994,2.4287408587221506,7.33577858178537
6ddc7d1b-93f0-457e-961d-d3cc9645adeb,ef46ba0e-e94e-4f17-ac91-e73d60678e25,322,1709580039849667821,1709580041271043821,1421,860.361,492.449,2.2789862859392027,7.892426666950618
6ddc7d1b-93f0-457e-961d-d3cc9645adeb,ef46ba0e-e94e-4f17-ac91-e73d60678e25,323,1709580041431168821,1709580045870171821,4439,860.974,498.847,2.3177374384555987,7.4758131629689775
6ddc7d1b-93f0-457e-961d-d3cc9645adeb,ef46ba0e-e94e-4f17-ac91-e73d60678e25,324,1709580046065421821,1709580048862923821,2797,863.411,492.372,2.4789991302027965,7.897019613114189
6ddc7d1b-93f0-457e-961d-d3cc9645adeb,ef46ba0e-e94e-4f17-ac91-e73d60678e25,325,1709580049013048821,1709580051960814821,2947,858.28,487.149,2.143653264643254,8.237739618598777
6ddc7d1b-93f0-457e-961d-d3cc9645adeb,ef46ba0e-e94e-4f17-ac91-e73d60678e25,326,1709580052125925821,1709580056745193821,4619,861.707,494.71,2.366685052187993,7.74508876944622
6ddc7d1b-93f0-457e-961d-d3cc9645adeb,ef46ba0e-e94e-4f17-ac91-e73d60678e25,327,1709580056945303821,1709580060288442821,3343,865.911,505.967,2.6395019919098943,7.011521784077075
6ddc7d1b-93f0-457e-961d-d3cc9645adeb,ef46ba0e-e94e-4f17-ac91-e73d60678e25,328,1709580060418555821,1709580068695744821,8277,860.584,504.055,2.29106117066291,7.136668405226642
6ddc7d1b-93f0-457e-961d-d3cc9645adeb,ef46ba0e-e94e-4f17-ac91-e73d60678e25,329,1709580068860869821,1709580072844495821,3983,864.614,497.324,2.556635647306421,7.574435476566685
6ddc7d1b-93f0-457e-961d-d3cc9645adeb,ef46ba0e-e94e-4f17-ac91-e73d60678e25,330,1709580072994620821,1709580073335006821,340,867.953,501.042,2.7744984224371305,7.3319132294171965
6ddc7d1b-93f0-457e-961d-d3cc9645adeb,ef46ba0e-e94e-4f17-ac91-e73d60678e25,331,1709580073389995821,1709580074235870821,845,867.876,514.707,2.7661698207864447,6.442033128654676
6ddc7d1b-93f0-457e-961d-d3cc9645adeb,ef46ba0e-e94e-4f17-ac91-e73d60678e25,332,1709580074265870821,1709580084805501821,10539,868.008,517.292,2.7742438561625375,6.273618422338691
6ddc7d1b-93f0-457e-961d-d3cc9645adeb,ef46ba0e-e94e-4f17-ac91-e73d60678e25,333,1709580084945624821,1709580085105747821,160,860.072,494.384,2.259588458898736,7.7664973283229255
6ddc7d1b-93f0-457e-961d-d3cc9645adeb,ef46ba0e-e94e-4f17-ac91-e73d60678e25,334,1709580085275881821,1709580089604873821,4328,868.041,516.085,2.7766582721976802,6.352257280656222
6ddc7d1b-93f0-457e-961d-d3cc9645adeb,ef46ba0e-e94e-4f17-ac91-e73d60678e25,335,1709580089775000821,1709580092557498821,2782,864.268,506.96,2.531699735901306,6.947070639384902
6ddc7d1b-93f0-457e-961d-d3cc9645adeb,ef46ba0e-e94e-4f17-ac91-e73d60678e25,336,1709580092717748821,1709580096726374821,4008,862.908,501.752,2.443774931015096,7.2863811329520916
6ddc7d1b-93f0-457e-961d-d3cc9645adeb,ef46ba0e-e94e-4f17-ac91-e73d60678e25,337,1709580096831499821,1709580107686377821,10854,869.098,494.689,2.851236074607317,7.745364623709028
6ddc7d1b-93f0-457e-961d-d3cc9645adeb,ef46ba0e-e94e-4f17-ac91-e73d60678e25,338,1709580107776388821,1709580109297877821,1521,867.908,475.69,2.7787824331564197,8.982065593697042
6ddc7d1b-93f0-457e-961d-d3cc9645adeb,ef46ba0e-e94e-4f17-ac91-e73d60678e25,339,1709580109438002821,1709580112115378821,2677,871.118,496.109,2.98321275285706,7.6525767735602885
6ddc7d1b-93f0-457e-961d-d3cc9645adeb,ef46ba0e-e94e-4f17-ac91-e73d60678e25,340,1709580112255507821,1709580114272378821,2016,869.685,481.787,2.8935777834600755,8.585013774427777
6ddc7d1b-93f0-457e-961d-d3cc9645adeb,ef46ba0e-e94e-4f17-ac91-e73d60678e25,341,1709580114412503821,1709580115963879821,1551,866.913,473.431,2.714113978490346,9.129188085193219
6ddc7d1b-93f0-457e-961d-d3cc9645adeb,ef46ba0e-e94e-4f17-ac91-e73d60678e25,342,1709580116094004821,1709580119166880821,3072,865.158,484.36,2.5956582255350638,8.418322307027102
6ddc7d1b-93f0-457e-961d-d3cc9645adeb,ef46ba0e-e94e-4f17-ac91-e73d60678e25,343,1709580119357005821,1709580123180506821,3823,868.394,500.839,2.803457106336092,7.345073918761752
6ddc7d1b-93f0-457e-961d-d3cc9645adeb,ef46ba0e-e94e-4f17-ac91-e73d60678e25,344,1709580123325631821,1709580126248381821,2922,859.868,500.578,2.244879524036006,7.36317828315445
6ddc7d1b-93f0-457e-961d-d3cc9645adeb,ef46ba0e-e94e-4f17-ac91-e73d60678e25,345,1709580126373382821,1709580127909882821,1536,831.807,487.916,0.40679521354151127,8.189722398789987
6ddc7d1b-93f0-457e-961d-d3cc9645adeb,ef46ba0e-e94e-4f17-ac91-e73d60678e25,346,1709580128014882821,1709580128455382821,440,858.115,482.468,2.133920797018364,8.542497497649487
6ddc7d1b-93f0-457e-961d-d3cc9645adeb,ef46ba0e-e94e-4f17-ac91-e73d60678e25,347,1709580128595516821,1709580128885757821,290,852.454,484.824,1.7618937624737978,8.389774245535447
6ddc7d1b-93f0-457e-961d-d3cc9645adeb,ef46ba0e-e94e-4f17-ac91-e73d60678e25,348,1709580129040882821,1709580130957633821,1916,851.917,489.057,1.7258559803379967,8.114239231936528
6ddc7d1b-93f0-457e-961d-d3cc9645adeb,ef46ba0e-e94e-4f17-ac91-e73d60678e25,349,1709580131097758821,1709580135882134821,4784,853.158,499.638,1.8053453763561347,7.425143687061477
6ddc7d1b-93f0-457e-961d-d3cc9645adeb,ef46ba0e-e94e-4f17-ac91-e73d60678e25,350,1709580136037259821,1709580138039150821,2001,854.732,493.616,1.9096620442189924,7.817129651521111
6ddc7d1b-93f0-457e-961d-d3cc9645adeb,ef46ba0e-e94e-4f17-ac91-e73d60678e25,351,1709580138114136821,1709580138259270821,145,868.588,467.135,2.826308357507039,9.538460256799928
6ddc7d1b-93f0-457e-961d-d3cc9645adeb,ef46ba0e-e94e-4f17-ac91-e73d60678e25,352,1709580138399385821,1709580139930760821,1531,851.601,490.78,1.7048372312351545,8.002109418603862
6ddc7d1b-93f0-457e-961d-d3cc9645adeb,ef46ba0e-e94e-4f17-ac91-e73d60678e25,353,1709580140081011821,1709580141247011821,1166,866.493,491.336,2.68135478229205,7.964018596778821
6ddc7d1b-93f0-457e-961d-d3cc9645adeb,ef46ba0e-e94e-4f17-ac91-e73d60678e25,354,1709580141407136821,1709580145120512821,3713,862.174,491.983,2.3979656268270984,7.922523948332522
6ddc7d1b-93f0-457e-961d-d3cc9645adeb,ef46ba0e-e94e-4f17-ac91-e73d60678e25,355,1709580145240637821,1709580147087388821,1846,864.765,498.334,2.566284739590353,7.5086955405027975
6ddc7d1b-93f0-457e-961d-d3cc9645adeb,ef46ba0e-e94e-4f17-ac91-e73d60678e25,356,1709580147217513821,1709580148383513821,1166,865.682,477.697,2.6319831761278265,8.851879101889384
6ddc7d1b-93f0-457e-961d-d3cc9645adeb,ef46ba0e-e94e-4f17-ac91-e73d60678e25,357,1709580148528638821,1709580150670639821,2142,866.208,488.414,2.6634562941536775,8.154250930874872
6ddc7d1b-93f0-457e-961d-d3cc9645adeb,ef46ba0e-e94e-4f17-ac91-e73d60678e25,358,1709580150845764821,1709580152712514821,1866,868.08,501.455,2.782733592126293,7.305013023427156
6ddc7d1b-93f0-457e-961d-d3cc9645adeb,ef46ba0e-e94e-4f17-ac91-e73d60678e25,359,1709580152872640821,1709580154008647821,1136,856.592,504.804,2.0294424381360208,7.088367345858781
6ddc7d1b-93f0-457e-961d-d3cc9645adeb,ef46ba0e-e94e-4f17-ac91-e73d60678e25,360,1709580154183890821,1709580155810265821,1626,864.241,494.153,2.532963675816784,7.780998729981473
6ddc7d1b-93f0-457e-961d-d3cc9645adeb,ef46ba0e-e94e-4f17-ac91-e73d60678e25,361,1709580155940391821,1709580157747141821,1806,867.602,510.463,2.7492209429695307,6.7184890843460146
6ddc7d1b-93f0-457e-961d-d3cc9645adeb,ef46ba0e-e94e-4f17-ac91-e73d60678e25,362,1709580157897266821,1709580159653900821,1756,866.013,493.092,2.6493719377917837,7.84977828241301
6ddc7d1b-93f0-457e-961d-d3cc9645adeb,ef46ba0e-e94e-4f17-ac91-e73d60678e25,363,1709580159673894821,1709580160854897821,1181,863.167,500.786,2.4609839799968403,7.3492342256375816
6ddc7d1b-93f0-457e-961d-d3cc9645adeb,ef46ba0e-e94e-4f17-ac91-e73d60678e25,364,1709580161010017821,1709580161245267821,235,864.2,503.212,2.5281079173546304,7.191120640029926
6ddc7d1b-93f0-457e-961d-d3cc9645adeb,ef46ba0e-e94e-4f17-ac91-e73d60678e25,365,1709580161330392821,1709580165474144821,4143,866.898,507.492,2.703787311114363,6.912043571942637
6ddc7d1b-93f0-457e-961d-d3cc9645adeb,ef46ba0e-e94e-4f17-ac91-e73d60678e25,366,1709580165619269821,1709580165724394821,105,876.992,488.761,3.370656270807265,8.12976263090974
6ddc7d1b-93f0-457e-961d-d3cc9645adeb,ef46ba0e-e94e-4f17-ac91-e73d60678e25,367,1709580165889526821,1709580168882270821,2992,867.375,504.661,2.735719447074263,7.0963403142274
6ddc7d1b-93f0-457e-961d-d3cc9645adeb,ef46ba0e-e94e-4f17-ac91-e73d60678e25,368,1709580169007395821,1709580171249401821,2242,858.597,507.034,2.1603357724189065,6.942872901554212
6ddc7d1b-93f0-457e-961d-d3cc9645adeb,ef46ba0e-e94e-4f17-ac91-e73d60678e25,369,1709580171289521821,1709580171829896821,540,854.422,513.625,1.8858486588401766,6.513950913430761
6ddc7d1b-93f0-457e-961d-d3cc9645adeb,ef46ba0e-e94e-4f17-ac91-e73d60678e25,370,1709580171935021821,1709580172285396821,350,856.922,501.733,2.051590093927901,7.288332542382178
6ddc7d1b-93f0-457e-961d-d3cc9645adeb,ef46ba0e-e94e-4f17-ac91-e73d60678e25,371,1709580172385521821,1709580173901897821,1516,859.461,504.488,2.2174153488033372,7.1085899212357
6ddc7d1b-93f0-457e-961d-d3cc9645adeb,ef46ba0e-e94e-4f17-ac91-e73d60678e25,372,1709580174001897821,1709580175418272821,1416,864.992,495.829,2.5817406130693463,7.671728347185311
6ddc7d1b-93f0-457e-961d-d3cc9645adeb,ef46ba0e-e94e-4f17-ac91-e73d60678e25,373,1709580175588397821,1709580176839523821,1251,865.988,503.072,2.6452598540063175,7.199975185696813
6ddc7d1b-93f0-457e-961d-d3cc9645adeb,ef46ba0e-e94e-4f17-ac91-e73d60678e25,374,1709580176964653821,1709580180127524821,3162,862.626,501.729,2.425318801129741,7.287913716192974
6ddc7d1b-93f0-457e-961d-d3cc9645adeb,ef46ba0e-e94e-4f17-ac91-e73d60678e25,375,1709580180242649821,1709580181438782821,1196,863.643,497.571,2.492955954980451,7.558490500216098
6ddc7d1b-93f0-457e-961d-d3cc9645adeb,ef46ba0e-e94e-4f17-ac91-e73d60678e25,376,1709580181463775821,1709580182659901821,1196,867.31,494.18,2.7341269077363872,7.778735889318302
6ddc7d1b-93f0-457e-961d-d3cc9645adeb,ef46ba0e-e94e-4f17-ac91-e73d60678e25,377,1709580182840025821,1709580184106151821,1266,854.027,492.919,1.8635744005586328,7.8625929229982425
6ddc7d1b-93f0-457e-961d-d3cc9645adeb,ef46ba0e-e94e-4f17-ac91-e73d60678e25,378,1709580184251276821,1709580187123902821,2872,861.247,485.152,2.3388133657281998,8.367342646189325
6ddc7d1b-93f0-457e-961d-d3cc9645adeb,ef46ba0e-e94e-4f17-ac91-e73d60678e25,379,1709580187274031821,1709580192543917821,5269,866.66,504.481,2.6889428126634125,7.108137179765094
6ddc7d1b-93f0-457e-961d-d3cc9645adeb,ef46ba0e-e94e-4f17-ac91-e73d60678e25,380,1709580192719029821,1709580193094404821,375,870.687,511.91,2.9507906102492494,6.623761750711774
6ddc7d1b-93f0-457e-961d-d3cc9645adeb,ef46ba0e-e94e-4f17-ac91-e73d60678e25,381,1709580193119413821,1709580205330535821,12211,859.944,535.022,2.2437384161684784,5.11930531929638
6ddc7d1b-93f0-457e-961d-d3cc9645adeb,ef46ba0e-e94e-4f17-ac91-e73d60678e25,382,1709580205405660821,1709580206491660821,1086,857.227,555.521,2.063759141371422,3.7833488668126365
6ddc7d1b-93f0-457e-961d-d3cc9645adeb,ef46ba0e-e94e-4f17-ac91-e73d60678e25,383,1709580206511660821,1709580207347415821,835,858.071,548.98,2.119586535800745,4.209700214413992
6ddc7d1b-93f0-457e-961d-d3cc9645adeb,ef46ba0e-e94e-4f17-ac91-e73d60678e25,384,1709580207377411821,1709580210004787821,2627,868.63,500.102,2.8190563077466266,7.393008208709763
6ddc7d1b-93f0-457e-961d-d3cc9645adeb,ef46ba0e-e94e-4f17-ac91-e73d60678e25,385,1709580210084912821,1709580214859289821,4774,874.597,500.52,3.2099225761311336,7.364820739151113
6ddc7d1b-93f0-457e-961d-d3cc9645adeb,ef46ba0e-e94e-4f17-ac91-e73d60678e25,386,1709580215034429821,1709580215129539821,95,875.572,490.698,3.2769197306906888,8.00397912558987
6ddc7d1b-93f0-457e-961d-d3cc9645adeb,ef46ba0e-e94e-4f17-ac91-e73d60678e25,387,1709580215329664821,1709580216030290821,700,871.179,493.794,2.987930705497714,7.803264572719152
6ddc7d1b-93f0-457e-961d-d3cc9645adeb,ef46ba0e-e94e-4f17-ac91-e73d60678e25,388,1709580216160415821,1709580216786046821,625,864.948,491.486,2.580016645197022,7.954484336281697
6ddc7d1b-93f0-457e-961d-d3cc9645adeb,ef46ba0e-e94e-4f17-ac91-e73d60678e25,389,1709580216906165821,1709580219103166821,2197,867.248,497.367,2.7292441807885,7.571258369313134
6ddc7d1b-93f0-457e-961d-d3cc9645adeb,ef46ba0e-e94e-4f17-ac91-e73d60678e25,390,1709580219233291821,1709580220739667821,1506,866.692,510.993,2.689509163086901,6.684091177171028
6ddc7d1b-93f0-457e-961d-d3cc9645adeb,ef46ba0e-e94e-4f17-ac91-e73d60678e25,391,1709580220899792821,1709580221074923821,175,858.412,496.213,2.150372901010635,7.647625356082033
6ddc7d1b-93f0-457e-961d-d3cc9645adeb,ef46ba0e-e94e-4f17-ac91-e73d60678e25,392,1709580221230042821,1709580226304670821,5074,876.637,501.65,3.3432503217471985,7.29086693154296
6ddc7d1b-93f0-457e-961d-d3cc9645adeb,ef46ba0e-e94e-4f17-ac91-e73d60678e25,393,1709580226439794821,1709580227986295821,1546,872.312,506.955,3.0584760686825185,6.946230337517757
6ddc7d1b-93f0-457e-961d-d3cc9645adeb,ef46ba0e-e94e-4f17-ac91-e73d60678e25,394,1709580228121420821,1709580229342421821,1221,871.807,521.893,3.021752046663721,5.973405936331127
6ddc7d1b-93f0-457e-961d-d3cc9645adeb,ef46ba0e-e94e-4f17-ac91-e73d60678e25,395,1709580229492671821,1709580229887921821,395,872.166,506.453,3.048996834164675,6.97893838291667
6ddc7d1b-93f0-457e-961d-d3cc9645adeb,ef46ba0e-e94e-4f17-ac91-e73d60678e25,396,1709580230103171821,1709580230433421821,330,858.329,502.944,2.1435518540717555,7.209318706461342
6ddc7d1b-93f0-457e-961d-d3cc9645adeb,ef46ba0e-e94e-4f17-ac91-e73d60678e25,397,1709580230643671821,1709580230728806821,85,868.044,479.9,2.786411213160659,8.708063568948504
6ddc7d1b-93f0-457e-961d-d3cc9645adeb,ef46ba0e-e94e-4f17-ac91-e73d60678e25,398,1709580231074047821,1709580231164172821,90,825.164,473.701,-0.02890273683347475,9.115138909541598
6ddc7d1b-93f0-457e-961d-d3cc9645adeb,ef46ba0e-e94e-4f17-ac91-e73d60678e25,399,1709580231279308821,1709580232180047821,900,868.409,519.382,2.799992374046103,6.1374263013873005
6ddc7d1b-93f0-457e-961d-d3cc9645adeb,ef46ba0e-e94e-4f17-ac91-e73d60678e25,400,1709580232330172821,1709580233986673821,1656,870.425,497.904,2.937293024700993,7.535849200664707
6ddc7d1b-93f0-457e-961d-d3cc9645adeb,ef46ba0e-e94e-4f17-ac91-e73d60678e25,401,1709580234111798821,1709580234226923821,115,809.792,459.652,-1.0403491138838872,10.02857534042183
6ddc7d1b-93f0-457e-961d-d3cc9645adeb,ef46ba0e-e94e-4f17-ac91-e73d60678e25,402,1709580234251923821,1709580234982673821,730,866.68,493.882,2.692932298448062,7.7982730945407175
6ddc7d1b-93f0-457e-961d-d3cc9645adeb,ef46ba0e-e94e-4f17-ac91-e73d60678e25,403,1709580235032673821,1709580237089550821,2056,871.868,515.513,3.027214960407891,6.388969298140137
6ddc7d1b-93f0-457e-961d-d3cc9645adeb,ef46ba0e-e94e-4f17-ac91-e73d60678e25,404,1709580237139554821,1709580237554927821,415,879.113,456.457,3.522942136952473,10.230479272644931
6ddc7d1b-93f0-457e-961d-d3cc9645adeb,ef46ba0e-e94e-4f17-ac91-e73d60678e25,405,1709580237690061821,1709580238986305821,1296,869.475,504.618,2.873275253082395,7.098818571297834
6ddc7d1b-93f0-457e-961d-d3cc9645adeb,ef46ba0e-e94e-4f17-ac91-e73d60678e25,406,1709580239011301821,1709580239181426821,170,881.306,495.085,3.6513014344423134,7.717302838740599
6ddc7d1b-93f0-457e-961d-d3cc9645adeb,ef46ba0e-e94e-4f17-ac91-e73d60678e25,407,1709580239331561821,1709580239441676821,110,873.227,476.271,3.127938784141786,8.943224797070098
6ddc7d1b-93f0-457e-961d-d3cc9645adeb,ef46ba0e-e94e-4f17-ac91-e73d60678e25,408,1709580239611801821,1709580240352551821,740,863.089,512.075,2.453433999498914,6.614046628698745
6ddc7d1b-93f0-457e-961d-d3cc9645adeb,ef46ba0e-e94e-4f17-ac91-e73d60678e25,409,1709580240492676821,1709580241633677821,1141,876.901,503.719,3.359862430790861,7.156153721524521
6ddc7d1b-93f0-457e-961d-d3cc9645adeb,ef46ba0e-e94e-4f17-ac91-e73d60678e25,410,1709580241678804821,1709580241878927821,200,865.138,546.451,2.581381476408754,4.374058545508063
6ddc7d1b-93f0-457e-961d-d3cc9645adeb,ef46ba0e-e94e-4f17-ac91-e73d60678e25,411,1709580241898927821,1709580243360303821,1461,872.991,498.333,3.1053150199732436,7.5074288294039935
6ddc7d1b-93f0-457e-961d-d3cc9645adeb,ef46ba0e-e94e-4f17-ac91-e73d60678e25,412,1709580243505428821,1709580245407179821,1901,880.991,486.452,3.6337966189643627,8.27910081012646
6ddc7d1b-93f0-457e-961d-d3cc9645adeb,ef46ba0e-e94e-4f17-ac91-e73d60678e25,413,1709580245552304821,1709580247629180821,2076,880.641,479.399,3.6135778219929975,8.738090999090055
6ddc7d1b-93f0-457e-961d-d3cc9645adeb,ef46ba0e-e94e-4f17-ac91-e73d60678e25,414,1709580247739305821,1709580250166556821,2427,877.988,485.485,3.4371893648183436,8.342712289557177
6ddc7d1b-93f0-457e-961d-d3cc9645adeb,ef46ba0e-e94e-4f17-ac91-e73d60678e25,415,1709580250341681821,1709580254225188821,3883,874.32,482.092,3.1976470690067273,8.564250866089708
6ddc7d1b-93f0-457e-961d-d3cc9645adeb,ef46ba0e-e94e-4f17-ac91-e73d60678e25,416,1709580254385308821,1709580254485433821,100,878.25,471.24,3.4597836061022966,9.269376005129557
6ddc7d1b-93f0-457e-961d-d3cc9645adeb,ef46ba0e-e94e-4f17-ac91-e73d60678e25,417,1709580254630559821,1709580255040934821,410,837.165,476.526,0.7593520008261921,8.9310651729905
6ddc7d1b-93f0-457e-961d-d3cc9645adeb,ef46ba0e-e94e-4f17-ac91-e73d60678e25,418,1709580255070934821,1709580257012695821,1941,875.957,483.213,3.304732218155792,8.490948626369166
6ddc7d1b-93f0-457e-961d-d3cc9645adeb,ef46ba0e-e94e-4f17-ac91-e73d60678e25,419,1709580257142935821,1709580259129688821,1986,880.589,480.031,3.6099164680700984,8.69698348199199
6ddc7d1b-93f0-457e-961d-d3cc9645adeb,ef46ba0e-e94e-4f17-ac91-e73d60678e25,420,1709580259249811821,1709580266611565821,7361,875.286,488.758,3.2588173082713743,8.1302638762291
6ddc7d1b-93f0-457e-961d-d3cc9645adeb,ef46ba0e-e94e-4f17-ac91-e73d60678e25,421,1709580266636565821,1709580269524191821,2887,878.67,466.003,3.489577831365792,9.609849450204285
6ddc7d1b-93f0-457e-961d-d3cc9645adeb,ef46ba0e-e94e-4f17-ac91-e73d60678e25,422,1709580269629316821,1709580273657944821,4028,870.615,488.999,2.952330197559616,8.115426182139243
6ddc7d1b-93f0-457e-961d-d3cc9645adeb,ef46ba0e-e94e-4f17-ac91-e73d60678e25,423,1709580273768069821,1709580275524704821,1756,871.486,494.789,3.007758619486641,7.738451763589803
6ddc7d1b-93f0-457e-961d-d3cc9645adeb,ef46ba0e-e94e-4f17-ac91-e73d60678e25,424,1709580275659820821,1709580277676571821,2016,873.118,505.456,3.111651948891848,7.043722017426938
6ddc7d1b-93f0-457e-961d-d3cc9645adeb,ef46ba0e-e94e-4f17-ac91-e73d60678e25,425,1709580277721696821,1709580279598447821,1876,872.946,490.05,3.10492104402229,8.046621595079102
6ddc7d1b-93f0-457e-961d-d3cc9645adeb,ef46ba0e-e94e-4f17-ac91-e73d60678e25,426,1709580279663447821,1709580280689323821,1025,881.462,488.391,3.664003976669684,8.152843540184946
6ddc7d1b-93f0-457e-961d-d3cc9645adeb,ef46ba0e-e94e-4f17-ac91-e73d60678e25,427,1709580280969698821,1709580284427835821,3458,878.291,487.196,3.4564062376936153,8.231306146974191
6ddc7d1b-93f0-457e-961d-d3cc9645adeb,ef46ba0e-e94e-4f17-ac91-e73d60678e25,428,1709580284457825821,1709580285663950821,1206,880.872,464.558,3.63501484642329,9.703279209680595
6ddc7d1b-93f0-457e-961d-d3cc9645adeb,ef46ba0e-e94e-4f17-ac91-e73d60678e25,429,1709580285794075821,1709580287825952821,2031,874.462,479.134,3.2080304168382554,8.756672262643042
6ddc7d1b-93f0-457e-961d-d3cc9645adeb,ef46ba0e-e94e-4f17-ac91-e73d60678e25,430,1709580287976077821,1709580289417328821,1441,872.597,502.411,3.0783394744718358,7.242033619124541
6ddc7d1b-93f0-457e-961d-d3cc9645adeb,ef46ba0e-e94e-4f17-ac91-e73d60678e25,431,1709580289577453821,1709580291098829821,1521,876.503,491.284,3.337762753345089,7.965639324534101
6ddc7d1b-93f0-457e-961d-d3cc9645adeb,ef46ba0e-e94e-4f17-ac91-e73d60678e25,432,1709580291259079821,1709580292510204821,1251,874.805,478.566,3.2307293062486355,8.793580356536614
6ddc7d1b-93f0-457e-961d-d3cc9645adeb,ef46ba0e-e94e-4f17-ac91-e73d60678e25,433,1709580292550205821,1709580292830455821,280,869.304,528.152,2.8566971802303986,5.566033870661499
6ddc7d1b-93f0-457e-961d-d3cc9645adeb,ef46ba0e-e94e-4f17-ac91-e73d60678e25,434,1709580292960580821,1709580294767217821,1806,874.58,494.994,3.210480166194586,7.724550483600507
6ddc7d1b-93f0-457e-961d-d3cc9645adeb,ef46ba0e-e94e-4f17-ac91-e73d60678e25,435,1709580294902331821,1709580294997456821,95,891.472,503.647,4.314168762363847,7.157822474545769
6ddc7d1b-93f0-457e-961d-d3cc9645adeb,ef46ba0e-e94e-4f17-ac91-e73d60678e25,436,1709580295182586821,1709580296128456821,945,879.493,494.057,3.532851790906838,7.784565647361776
6ddc7d1b-93f0-457e-961d-d3cc9645adeb,ef46ba0e-e94e-4f17-ac91-e73d60678e25,437,1709580296163457821,1709580296844082821,680,959.234,474.813,8.774252215680125,9.00339299874552
6ddc7d1b-93f0-457e-961d-d3cc9645adeb,ef46ba0e-e94e-4f17-ac91-e73d60678e25,438,1709580296949213821,1709580297409707821,460,766.104,486.959,-3.9027931301419745,8.243943339641717
6ddc7d1b-93f0-457e-961d-d3cc9645adeb,ef46ba0e-e94e-4f17-ac91-e73d60678e25,439,1709580297434707821,1709580299076215821,1641,860.429,502.239,2.2812634608886113,7.254970919111974
6ddc7d1b-93f0-457e-961d-d3cc9645adeb,ef46ba0e-e94e-4f17-ac91-e73d60678e25,440,1709580299216341821,1709580299526583821,310,856.367,480.476,2.0196602415578795,8.672381582319698
6ddc7d1b-93f0-457e-961d-d3cc9645adeb,ef46ba0e-e94e-4f17-ac91-e73d60678e25,441,1709580299701709821,1709580299791834821,90,844.556,444.105,1.2501682851409777,11.039888850764921
6ddc7d1b-93f0-457e-961d-d3cc9645adeb,ef46ba0e-e94e-4f17-ac91-e73d60678e25,442,1709580300162209821,1709580302108960821,1946,863.978,489.119,2.51700698428888,8.10874335147812
6ddc7d1b-93f0-457e-961d-d3cc9645adeb,ef46ba0e-e94e-4f17-ac91-e73d60678e25,443,1709580302249095821,1709580302369210821,120,820.496,481.585,-0.3353533724875837,8.60181147267317
6ddc7d1b-93f0-457e-961d-d3cc9645adeb,ef46ba0e-e94e-4f17-ac91-e73d60678e25,444,1709580302394210821,1709580305552087821,3157,878.26,505.587,3.448353943696238,7.034310639266723
6ddc7d1b-93f0-457e-961d-d3cc9645adeb,ef46ba0e-e94e-4f17-ac91-e73d60678e25,445,1709580305712212821,1709580307819219821,2107,867.127,504.64,2.719477777173144,7.097751052334581
6ddc7d1b-93f0-457e-961d-d3cc9645adeb,ef46ba0e-e94e-4f17-ac91-e73d60678e25,446,1709580307974339821,1709580311277340821,3303,871.891,499.061,3.033023199778129,7.460220492761694
6ddc7d1b-93f0-457e-961d-d3cc9645adeb,ef46ba0e-e94e-4f17-ac91-e73d60678e25,447,1709580311507591821,1709580311807841821,300,873.953,508.427,3.1654695287803616,6.8500740369499225
6ddc7d1b-93f0-457e-961d-d3cc9645adeb,ef46ba0e-e94e-4f17-ac91-e73d60678e25,448,1709580311972966821,1709580315856468821,3883,876.487,508.167,3.331445615466119,6.866608764287865
6ddc7d1b-93f0-457e-961d-d3cc9645adeb,ef46ba0e-e94e-4f17-ac91-e73d60678e25,449,1709580316036718821,1709580317352844821,1316,881.635,508.949,3.668253363791413,6.814772279248627
6ddc7d1b-93f0-457e-961d-d3cc9645adeb,ef46ba0e-e94e-4f17-ac91-e73d60678e25,450,1709580317502969821,1709580319830096821,2327,878.27,508.355,3.4481608876496996,6.854095848259051
6ddc7d1b-93f0-457e-961d-d3cc9645adeb,ef46ba0e-e94e-4f17-ac91-e73d60678e25,451,1709580319960221821,1709580323908848821,3948,869.998,492.645,2.9107999413738077,7.8782494731701815
6ddc7d1b-93f0-457e-961d-d3cc9645adeb,ef46ba0e-e94e-4f17-ac91-e73d60678e25,452,1709580324048973821,1709580325735475821,1686,873.813,489.47,3.16197757050407,8.084232828746062
6ddc7d1b-93f0-457e-961d-d3cc9645adeb,ef46ba0e-e94e-4f17-ac91-e73d60678e25,453,1709580325880599821,1709580327492100821,1611,871.135,487.767,2.98684089117841,8.195514194891194
6ddc7d1b-93f0-457e-961d-d3cc9645adeb,ef46ba0e-e94e-4f17-ac91-e73d60678e25,454,1709580327637225821,1709580329323851821,1686,873.732,488.029,3.157118310387149,8.178025759478599
6ddc7d1b-93f0-457e-961d-d3cc9645adeb,ef46ba0e-e94e-4f17-ac91-e73d60678e25,455,1709580329473976821,1709580330870227821,1396,872.81,482.376,3.098473265109223,8.546075688182473
6ddc7d1b-93f0-457e-961d-d3cc9645adeb,ef46ba0e-e94e-4f17-ac91-e73d60678e25,456,1709580331015352821,1709580332671854821,1656,870.643,487.147,2.9547689654280673,8.236006430274857
6ddc7d1b-93f0-457e-961d-d3cc9645adeb,ef46ba0e-e94e-4f17-ac91-e73d60678e25,457,1709580332851987821,1709580334733730821,1881,871.645,491.555,3.019106839607664,7.948878507447747
6ddc7d1b-93f0-457e-961d-d3cc9645adeb,ef46ba0e-e94e-4f17-ac91-e73d60678e25,458,1709580334928980821,1709580337095856821,2166,869.44,488.96,2.8752977132376856,8.118211102546532
6ddc7d1b-93f0-457e-961d-d3cc9645adeb,ef46ba0e-e94e-4f17-ac91-e73d60678e25,459,1709580337235992821,1709580339137732821,1901,866.127,488.661,2.6580476763257934,8.138185660589402
6ddc7d1b-93f0-457e-961d-d3cc9645adeb,ef46ba0e-e94e-4f17-ac91-e73d60678e25,460,1709580339297858821,1709580341109609821,1811,873.485,481.417,3.143108473074731,8.608304528801767
6ddc7d1b-93f0-457e-961d-d3cc9645adeb,ef46ba0e-e94e-4f17-ac91-e73d60678e25,461,1709580341254734821,1709580342695985821,1441,869.204,466.861,2.8668576504974013,9.556206860580913
6ddc7d1b-93f0-457e-961d-d3cc9645adeb,ef46ba0e-e94e-4f17-ac91-e73d60678e25,462,1709580342811112821,1709580345053111821,2241,871.376,504.163,2.9979213923327706,7.128188577368712
6ddc7d1b-93f0-457e-961d-d3cc9645adeb,ef46ba0e-e94e-4f17-ac91-e73d60678e25,463,1709580345083242821,1709580346099112821,1015,869.958,474.166,2.9139548281881407,9.080807219709428
6ddc7d1b-93f0-457e-961d-d3cc9645adeb,ef46ba0e-e94e-4f17-ac91-e73d60678e25,464,1709580346219237821,1709580347620488821,1401,867.189,510.126,2.7222229411834222,6.740489210341239
6ddc7d1b-93f0-457e-961d-d3cc9645adeb,ef46ba0e-e94e-4f17-ac91-e73d60678e25,465,1709580347770613821,1709580349807489821,2036,874.766,487.211,3.225180694078545,8.23107458709614
6ddc7d1b-93f0-457e-961d-d3cc9645adeb,ef46ba0e-e94e-4f17-ac91-e73d60678e25,466,1709580349947614821,1709580350092739821,145,876.459,455.812,3.3485173619345114,10.273098559565451
6ddc7d1b-93f0-457e-961d-d3cc9645adeb,ef46ba0e-e94e-4f17-ac91-e73d60678e25,467,1709580350443114821,1709580350553240821,110,867.527,451.414,2.762074777565865,10.56108629774933
6ddc7d1b-93f0-457e-961d-d3cc9645adeb,ef46ba0e-e94e-4f17-ac91-e73d60678e25,468,1709580350683365821,1709580353986367821,3303,866.186,475.949,2.665591762283625,8.96553550372875
6ddc7d1b-93f0-457e-961d-d3cc9645adeb,ef46ba0e-e94e-4f17-ac91-e73d60678e25,469,1709580354141492821,1709580356093243821,1951,865.283,482.131,2.604527512342962,8.563345370227795
6ddc7d1b-93f0-457e-961d-d3cc9645adeb,ef46ba0e-e94e-4f17-ac91-e73d60678e25,470,1709580356228368821,1709580357759744821,1531,864.088,510.398,2.5191602208722155,6.723181483720547
6ddc7d1b-93f0-457e-961d-d3cc9645adeb,ef46ba0e-e94e-4f17-ac91-e73d60678e25,471,1709580357914869821,1709580360597371821,2682,866.639,507.131,2.6869456883650247,6.935578137005926
6ddc7d1b-93f0-457e-961d-d3cc9645adeb,ef46ba0e-e94e-4f17-ac91-e73d60678e25,472,1709580360717496821,1709580360792496821,75,779.846,454.032,-3.0126024785686356,10.388871377665938
6ddc7d1b-93f0-457e-961d-d3cc9645adeb,ef46ba0e-e94e-4f17-ac91-e73d60678e25,473,1709580360827628821,1709580362379003821,1551,863.294,497.029,2.470180897257094,7.593851700618205
6ddc7d1b-93f0-457e-961d-d3cc9645adeb,ef46ba0e-e94e-4f17-ac91-e73d60678e25,474,1709580362529122821,1709580364130623821,1601,869.412,509.533,2.8678900347585543,6.778781939841071
6ddc7d1b-93f0-457e-961d-d3cc9645adeb,ef46ba0e-e94e-4f17-ac91-e73d60678e25,475,1709580364160623821,1709580364530998821,370,790.156,497.206,-2.3233665209370438,7.581985885159269
6ddc7d1b-93f0-457e-961d-d3cc9645adeb,ef46ba0e-e94e-4f17-ac91-e73d60678e25,476,1709580364696124821,1709580366692875821,1996,868.499,496.124,2.8115696515067787,7.651995837359601
6ddc7d1b-93f0-457e-961d-d3cc9645adeb,ef46ba0e-e94e-4f17-ac91-e73d60678e25,477,1709580366853125821,1709580366963125821,110,865.889,494.359,2.6409271051244847,7.767307266400207
6ddc7d1b-93f0-457e-961d-d3cc9645adeb,ef46ba0e-e94e-4f17-ac91-e73d60678e25,478,1709580367138375821,1709580368920001821,1781,876.069,505.44,3.304883222179765,7.04421019202576
6ddc7d1b-93f0-457e-961d-d3cc9645adeb,ef46ba0e-e94e-4f17-ac91-e73d60678e25,479,1709580369105127821,1709580373083754821,3978,873.184,499.34,3.1176980455499486,7.441858813171169
6ddc7d1b-93f0-457e-961d-d3cc9645adeb,ef46ba0e-e94e-4f17-ac91-e73d60678e25,480,1709580373148879821,1709580373314004821,165,865.193,497.007,2.5946766217793393,7.595046645435803
6ddc7d1b-93f0-457e-961d-d3cc9645adeb,ef46ba0e-e94e-4f17-ac91-e73d60678e25,481,1709580373424130821,1709580375275756821,1851,868.395,488.004,2.807010517539756,8.180605311325085
6ddc7d1b-93f0-457e-961d-d3cc9645adeb,ef46ba0e-e94e-4f17-ac91-e73d60678e25,482,1709580375656131821,1709580377302632821,1646,864.711,510.919,2.5598174922225865,6.689160543324986
6ddc7d1b-93f0-457e-961d-d3cc9645adeb,ef46ba0e-e94e-4f17-ac91-e73d60678e25,483,1709580377457757821,1709580379344519821,1886,866.333,507.199,2.666908721004215,6.931227306276684
6ddc7d1b-93f0-457e-961d-d3cc9645adeb,ef46ba0e-e94e-4f17-ac91-e73d60678e25,484,1709580379509633821,1709580382537387821,3027,872.728,517.631,3.082995447612116,6.250917809142964
6ddc7d1b-93f0-457e-961d-d3cc9645adeb,ef46ba0e-e94e-4f17-ac91-e73d60678e25,485,1709580382672511821,1709580384183887821,1511,872.423,521.265,3.0621449346215828,6.014272787720756
6ddc7d1b-93f0-457e-961d-d3cc9645adeb,ef46ba0e-e94e-4f17-ac91-e73d60678e25,486,1709580384369137821,1709580384459137821,90,886.593,510.383,3.99236324797052,6.720484114520268
6ddc7d1b-93f0-457e-961d-d3cc9645adeb,ef46ba0e-e94e-4f17-ac91-e73d60678e25,487,1709580384639274821,1709580387226638821,2587,873.717,499.345,3.152589379678031,7.441426753907764
6ddc7d1b-93f0-457e-961d-d3cc9645adeb,ef46ba0e-e94e-4f17-ac91-e73d60678e25,488,1709580387251764821,1709580388482890821,1231,869.873,467.073,2.9107629058445754,9.542236136988796
6ddc7d1b-93f0-457e-961d-d3cc9645adeb,ef46ba0e-e94e-4f17-ac91-e73d60678e25,489,1709580388638015821,1709580391675766821,3037,869.87,489.807,2.90326546359781,8.063000697970867
6ddc7d1b-93f0-457e-961d-d3cc9645adeb,ef46ba0e-e94e-4f17-ac91-e73d60678e25,490,1709580391815892821,1709580393607531821,1791,866.794,502.556,2.6982132968119124,7.233487252189977
6ddc7d1b-93f0-457e-961d-d3cc9645adeb,ef46ba0e-e94e-4f17-ac91-e73d60678e25,491,1709580393752643821,1709580395639394821,1886,872.899,499.665,3.0989326523944465,7.420764141127371
6ddc7d1b-93f0-457e-961d-d3cc9645adeb,ef46ba0e-e94e-4f17-ac91-e73d60678e25,492,1709580395784519821,1709580399027522821,3243,869.938,490.52,2.907471286754176,8.016579209493603
6ddc7d1b-93f0-457e-961d-d3cc9645adeb,ef46ba0e-e94e-4f17-ac91-e73d60678e25,493,1709580399212647821,1709580400889148821,1676,887.594,486.781,4.066806982854733,8.256180089707142
6ddc7d1b-93f0-457e-961d-d3cc9645adeb,ef46ba0e-e94e-4f17-ac91-e73d60678e25,494,1709580401019273821,1709580403026149821,2006,864.472,504.117,2.5457374530058003,7.132153363855166
6ddc7d1b-93f0-457e-961d-d3cc9645adeb,ef46ba0e-e94e-4f17-ac91-e73d60678e25,495,1709580403231275821,1709580411183530821,7952,866.493,495.348,2.680258662836426,7.70281711493228
6ddc7d1b-93f0-457e-961d-d3cc9645adeb,ef46ba0e-e94e-4f17-ac91-e73d60678e25,496,1709580411203530821,1709580412409656821,1206,875.587,458.166,3.2901167338775483,10.120205175976583
6ddc7d1b-93f0-457e-961d-d3cc9645adeb,ef46ba0e-e94e-4f17-ac91-e73d60678e25,497,1709580412444781821,1709580412614906821,170,868.033,492.475,2.7819935140053307,7.8896066504724125
6ddc7d1b-93f0-457e-961d-d3cc9645adeb,ef46ba0e-e94e-4f17-ac91-e73d60678e25,498,1709580412745031821,1709580414531657821,1786,870.316,484.283,2.934183320383898,8.422433689407745
6ddc7d1b-93f0-457e-961d-d3cc9645adeb,ef46ba0e-e94e-4f17-ac91-e73d60678e25,499,1709580414671783821,1709580416218159821,1546,868.87,483.987,2.83935179232405,8.441991814790828
6ddc7d1b-93f0-457e-961d-d3cc9645adeb,ef46ba0e-e94e-4f17-ac91-e73d60678e25,500,1709580416368284821,1709580421247787821,4879,871.383,488.883,3.0027702451944465,8.122852232769667
6ddc7d1b-93f0-457e-961d-d3cc9645adeb,ef46ba0e-e94e-4f17-ac91-e73d60678e25,501,1709580421417912821,1709580423279664821,1861,867.311,492.442,2.734687212421135,7.891862483002929
6ddc7d1b-93f0-457e-961d-d3cc9645adeb,ef46ba0e-e94e-4f17-ac91-e73d60678e25,502,1709580423444789821,1709580425191415821,1746,871.169,511.438,2.982458164778589,6.654446556219808
6ddc7d1b-93f0-457e-961d-d3cc9645adeb,ef46ba0e-e94e-4f17-ac91-e73d60678e25,503,1709580425326540821,1709580426457547821,1131,871.069,482.943,2.9840118810927283,8.50952646744747
