section id,recording id,timestamp [ns],gaze x [px],gaze y [px],worn,fixation id,blink id,azimuth [deg],elevation [deg]
415a96dc-06db-4621-bcc1-f437d85f5ad4,b0f1bc87-e702-42fe-b547-9d26eb4e4411,1692820058312046313,826.061,595.777,1,,,25000000.0,0
415a96dc-06db-4621-bcc1-f437d85f5ad4,b0f1bc87-e702-42fe-b547-9d26eb4e4411,1692820058317046313,830.971,595.414,1,,,25000000.0,0
415a96dc-06db-4621-bcc1-f437d85f5ad4,b0f1bc87-e702-42fe-b547-9d26eb4e4411,1692820058322046313,834.042,598.683,1,,,25000000.0,0
415a96dc-06db-4621-bcc1-f437d85f5ad4,b0f1bc87-e702-42fe-b547-9d26eb4e4411,1692820058327051313,840.057,597.79,1,,,25000000.0,0
415a96dc-06db-4621-bcc1-f437d85f5ad4,b0f1bc87-e702-42fe-b547-9d26eb4e4411,1692820058332046313,841.42,598.318,1,,,25000000.0,0
415a96dc-06db-4621-bcc1-f437d85f5ad4,b0f1bc87-e702-42fe-b547-9d26eb4e4411,1692820058337046313,845.158,597.698,1,,,25000000.0,0
415a96dc-06db-4621-bcc1-f437d85f5ad4,b0f1bc87-e702-42fe-b547-9d26eb4e4411,1692820058342046313,849.218,597.714,1,,,25000000.0,0
415a96dc-06db-4621-bcc1-f437d85f5ad4,b0f1bc87-e702-42fe-b547-9d26eb4e4411,1692820058347046313,851.215,596.185,1,,,25000000.0,0
415a96dc-06db-4621-bcc1-f437d85f5ad4,b0f1bc87-e702-42fe-b547-9d26eb4e4411,1692820058352046313,855.933,596.035,1,,,25000000.0,0
415a96dc-06db-4621-bcc1-f437d85f5ad4,b0f1bc87-e702-42fe-b547-9d26eb4e4411,1692820058357046313,858.255,595.342,1,,,25000000.0,0
415a96dc-06db-4621-bcc1-f437d85f5ad4,b0f1bc87-e702-42fe-b547-9d26eb4e4411,1692820058362050313,855.425,596.328,1,,,25000000.0,0
415a96dc-06db-4621-bcc1-f437d85f5ad4,b0f1bc87-e702-42fe-b547-9d26eb4e4411,1692820058367046313,860.184,596.307,1,,,25000000.0,0
415a96dc-06db-4621-bcc1-f437d85f5ad4,b0f1bc87-e702-42fe-b547-9d26eb4e4411,1692820058372046313,863.155,595.724,1,,,25000000.0,0
415a96dc-06db-4621-bcc1-f437d85f5ad4,b0f1bc87-e702-42fe-b547-9d26eb4e4411,1692820058377046313,862.293,592.374,1,,,25000000.0,0
415a96dc-06db-4621-bcc1-f437d85f5ad4,b0f1bc87-e702-42fe-b547-9d26eb4e4411,1692820058382047313,860.292,587.217,1,,,25000000.0,0
415a96dc-06db-4621-bcc1-f437d85f5ad4,b0f1bc87-e702-42fe-b547-9d26eb4e4411,1692820058387046313,862.678,586.378,1,,,25000000.0,0
415a96dc-06db-4621-bcc1-f437d85f5ad4,b0f1bc87-e702-42fe-b547-9d26eb4e4411,1692820058392058313,870.517,576.647,1,,,25000000.0,0
415a96dc-06db-4621-bcc1-f437d85f5ad4,b0f1bc87-e702-42fe-b547-9d26eb4e4411,1692820058397047313,874.545,572.255,1,,,25000000.0,0
415a96dc-06db-4621-bcc1-f437d85f5ad4,b0f1bc87-e702-42fe-b547-9d26eb4e4411,1692820058402047313,874.224,564.923,1,,,25000000.0,0
415a96dc-06db-4621-bcc1-f437d85f5ad4,b0f1bc87-e702-42fe-b547-9d26eb4e4411,1692820058407047313,876.59,566.349,1,,,25000000.0,0
415a96dc-06db-4621-bcc1-f437d85f5ad4,b0f1bc87-e702-42fe-b547-9d26eb4e4411,1692820058412058313,873.953,567.009,1,,,25000000.0,0
415a96dc-06db-4621-bcc1-f437d85f5ad4,b0f1bc87-e702-42fe-b547-9d26eb4e4411,1692820058417047313,871.329,568.437,1,,,25000000.0,0
415a96dc-06db-4621-bcc1-f437d85f5ad4,b0f1bc87-e702-42fe-b547-9d26eb4e4411,1692820058422047313,852.732,567.746,1,,,25000000.0,0
415a96dc-06db-4621-bcc1-f437d85f5ad4,b0f1bc87-e702-42fe-b547-9d26eb4e4411,1692820058427047313,824.473,592.519,1,,,25000000.0,0
415a96dc-06db-4621-bcc1-f437d85f5ad4,b0f1bc87-e702-42fe-b547-9d26eb4e4411,1692820058432047313,794.778,620.7,1,,,25000000.0,0
415a96dc-06db-4621-bcc1-f437d85f5ad4,b0f1bc87-e702-42fe-b547-9d26eb4e4411,1692820058437047313,753.307,672.908,1,,,25000000.0,0
415a96dc-06db-4621-bcc1-f437d85f5ad4,b0f1bc87-e702-42fe-b547-9d26eb4e4411,1692820058442047313,761.074,691.492,1,,,25000000.0,0
415a96dc-06db-4621-bcc1-f437d85f5ad4,b0f1bc87-e702-42fe-b547-9d26eb4e4411,1692820058447172313,765.971,722.104,1,,,25000000.0,0
415a96dc-06db-4621-bcc1-f437d85f5ad4,b0f1bc87-e702-42fe-b547-9d26eb4e4411,1692820058452172313,769.223,719.24,1,,,25000000.0,0
415a96dc-06db-4621-bcc1-f437d85f5ad4,b0f1bc87-e702-42fe-b547-9d26eb4e4411,1692820058457172313,742.205,744.967,1,,,25000000.0,0
415a96dc-06db-4621-bcc1-f437d85f5ad4,b0f1bc87-e702-42fe-b547-9d26eb4e4411,1692820058462172313,725.565,756.828,1,,,25000000.0,0
415a96dc-06db-4621-bcc1-f437d85f5ad4,b0f1bc87-e702-42fe-b547-9d26eb4e4411,1692820058467172313,734.617,810.853,1,,,25000000.0,0
415a96dc-06db-4621-bcc1-f437d85f5ad4,b0f1bc87-e702-42fe-b547-9d26eb4e4411,1692820058472178313,706.269,840.597,1,,,25000000.0,0
415a96dc-06db-4621-bcc1-f437d85f5ad4,b0f1bc87-e702-42fe-b547-9d26eb4e4411,1692820058477176313,679.641,876.102,1,,,25000000.0,0
415a96dc-06db-4621-bcc1-f437d85f5ad4,b0f1bc87-e702-42fe-b547-9d26eb4e4411,1692820058482172313,680.514,880.415,1,,,25000000.0,0
415a96dc-06db-4621-bcc1-f437d85f5ad4,b0f1bc87-e702-42fe-b547-9d26eb4e4411,1692820058487175313,663.367,885.96,1,,,25000000.0,0
415a96dc-06db-4621-bcc1-f437d85f5ad4,b0f1bc87-e702-42fe-b547-9d26eb4e4411,1692820058492173313,601.476,881.054,1,,,25000000.0,0
415a96dc-06db-4621-bcc1-f437d85f5ad4,b0f1bc87-e702-42fe-b547-9d26eb4e4411,1692820058497173313,557.257,894.759,1,,,25000000.0,0
415a96dc-06db-4621-bcc1-f437d85f5ad4,b0f1bc87-e702-42fe-b547-9d26eb4e4411,1692820058502173313,558.402,904.846,1,,,25000000.0,0
415a96dc-06db-4621-bcc1-f437d85f5ad4,b0f1bc87-e702-42fe-b547-9d26eb4e4411,1692820058507173313,569.358,944.959,1,,,25000000.0,0
415a96dc-06db-4621-bcc1-f437d85f5ad4,b0f1bc87-e702-42fe-b547-9d26eb4e4411,1692820058512185313,534.632,922.729,1,,,25000000.0,0
415a96dc-06db-4621-bcc1-f437d85f5ad4,b0f1bc87-e702-42fe-b547-9d26eb4e4411,1692820058517173313,529.485,944.899,1,,,25000000.0,0
415a96dc-06db-4621-bcc1-f437d85f5ad4,b0f1bc87-e702-42fe-b547-9d26eb4e4411,1692820058522173313,492.825,943.851,1,,,25000000.0,0
415a96dc-06db-4621-bcc1-f437d85f5ad4,b0f1bc87-e702-42fe-b547-9d26eb4e4411,1692820058527173313,445.732,938.619,1,,,25000000.0,0
415a96dc-06db-4621-bcc1-f437d85f5ad4,b0f1bc87-e702-42fe-b547-9d26eb4e4411,1692820058532180313,494.604,980.243,1,,,25000000.0,0
415a96dc-06db-4621-bcc1-f437d85f5ad4,b0f1bc87-e702-42fe-b547-9d26eb4e4411,1692820058537173313,463.428,947.796,1,,,25000000.0,0
415a96dc-06db-4621-bcc1-f437d85f5ad4,b0f1bc87-e702-42fe-b547-9d26eb4e4411,1692820058542173313,484.454,974.421,1,,,25000000.0,0
415a96dc-06db-4621-bcc1-f437d85f5ad4,b0f1bc87-e702-42fe-b547-9d26eb4e4411,1692820058547173313,491.083,945.445,1,,,25000000.0,0
415a96dc-06db-4621-bcc1-f437d85f5ad4,b0f1bc87-e702-42fe-b547-9d26eb4e4411,1692820058552173313,532.045,968.767,1,,,25000000.0,0
415a96dc-06db-4621-bcc1-f437d85f5ad4,b0f1bc87-e702-42fe-b547-9d26eb4e4411,1692820058557173313,503.216,954.977,1,,,25000000.0,0
415a96dc-06db-4621-bcc1-f437d85f5ad4,b0f1bc87-e702-42fe-b547-9d26eb4e4411,1692820058562173313,505.612,985.83,1,,,25000000.0,0
415a96dc-06db-4621-bcc1-f437d85f5ad4,b0f1bc87-e702-42fe-b547-9d26eb4e4411,1692820058567173313,512.057,968.443,1,,,25000000.0,0
415a96dc-06db-4621-bcc1-f437d85f5ad4,b0f1bc87-e702-42fe-b547-9d26eb4e4411,1692820058572173313,494.98,971.031,1,,,25000000.0,0
415a96dc-06db-4621-bcc1-f437d85f5ad4,b0f1bc87-e702-42fe-b547-9d26eb4e4411,1692820058577177313,483.983,979.849,1,,,25000000.0,0
415a96dc-06db-4621-bcc1-f437d85f5ad4,b0f1bc87-e702-42fe-b547-9d26eb4e4411,1692820058592299313,478.032,961.496,1,,,25000000.0,0
415a96dc-06db-4621-bcc1-f437d85f5ad4,b0f1bc87-e702-42fe-b547-9d26eb4e4411,1692820058612312313,558.437,985.487,1,,,25000000.0,0
415a96dc-06db-4621-bcc1-f437d85f5ad4,b0f1bc87-e702-42fe-b547-9d26eb4e4411,1692820058627299313,585.128,952.327,1,,,25000000.0,0
415a96dc-06db-4621-bcc1-f437d85f5ad4,b0f1bc87-e702-42fe-b547-9d26eb4e4411,1692820058632299313,586.839,956.8,1,,,25000000.0,0
415a96dc-06db-4621-bcc1-f437d85f5ad4,b0f1bc87-e702-42fe-b547-9d26eb4e4411,1692820058637299313,557.499,954.627,1,,,25000000.0,0
415a96dc-06db-4621-bcc1-f437d85f5ad4,b0f1bc87-e702-42fe-b547-9d26eb4e4411,1692820058642299313,559.673,961.742,1,,,25000000.0,0
415a96dc-06db-4621-bcc1-f437d85f5ad4,b0f1bc87-e702-42fe-b547-9d26eb4e4411,1692820058647306313,559.037,957.183,1,,,25000000.0,0
415a96dc-06db-4621-bcc1-f437d85f5ad4,b0f1bc87-e702-42fe-b547-9d26eb4e4411,1692820058652309313,575.927,954.395,1,,,25000000.0,0
415a96dc-06db-4621-bcc1-f437d85f5ad4,b0f1bc87-e702-42fe-b547-9d26eb4e4411,1692820058657299313,583.388,957.555,1,,,25000000.0,0
415a96dc-06db-4621-bcc1-f437d85f5ad4,b0f1bc87-e702-42fe-b547-9d26eb4e4411,1692820058662299313,569.082,945.889,1,,,25000000.0,0
415a96dc-06db-4621-bcc1-f437d85f5ad4,b0f1bc87-e702-42fe-b547-9d26eb4e4411,1692820058667299313,568.197,946.395,1,,,25000000.0,0
415a96dc-06db-4621-bcc1-f437d85f5ad4,b0f1bc87-e702-42fe-b547-9d26eb4e4411,1692820058672316313,522.564,927.593,1,,,25000000.0,0
415a96dc-06db-4621-bcc1-f437d85f5ad4,b0f1bc87-e702-42fe-b547-9d26eb4e4411,1692820058677300313,538.337,937.791,1,,,25000000.0,0
415a96dc-06db-4621-bcc1-f437d85f5ad4,b0f1bc87-e702-42fe-b547-9d26eb4e4411,1692820058682300313,557.182,950.939,1,,,25000000.0,0
415a96dc-06db-4621-bcc1-f437d85f5ad4,b0f1bc87-e702-42fe-b547-9d26eb4e4411,1692820058687300313,569.549,943.375,1,,,25000000.0,0
415a96dc-06db-4621-bcc1-f437d85f5ad4,b0f1bc87-e702-42fe-b547-9d26eb4e4411,1692820058692300313,577.316,937.101,1,,,25000000.0,0
415a96dc-06db-4621-bcc1-f437d85f5ad4,b0f1bc87-e702-42fe-b547-9d26eb4e4411,1692820058697300313,521.25,926.579,1,,,25000000.0,0
415a96dc-06db-4621-bcc1-f437d85f5ad4,b0f1bc87-e702-42fe-b547-9d26eb4e4411,1692820058702300313,538.132,940.403,1,,,25000000.0,0
415a96dc-06db-4621-bcc1-f437d85f5ad4,b0f1bc87-e702-42fe-b547-9d26eb4e4411,1692820058707307313,543.834,956.283,1,,,25000000.0,0
415a96dc-06db-4621-bcc1-f437d85f5ad4,b0f1bc87-e702-42fe-b547-9d26eb4e4411,1692820058712300313,552.249,974.857,1,,,25000000.0,0
415a96dc-06db-4621-bcc1-f437d85f5ad4,b0f1bc87-e702-42fe-b547-9d26eb4e4411,1692820058717425313,539.464,971.711,1,,,25000000.0,0
415a96dc-06db-4621-bcc1-f437d85f5ad4,b0f1bc87-e702-42fe-b547-9d26eb4e4411,1692820058722425313,548.906,969.388,1,,,25000000.0,0
415a96dc-06db-4621-bcc1-f437d85f5ad4,b0f1bc87-e702-42fe-b547-9d26eb4e4411,1692820058727425313,545.88,961.453,1,,,25000000.0,0
415a96dc-06db-4621-bcc1-f437d85f5ad4,b0f1bc87-e702-42fe-b547-9d26eb4e4411,1692820058732425313,534.822,957.484,1,,,25000000.0,0
415a96dc-06db-4621-bcc1-f437d85f5ad4,b0f1bc87-e702-42fe-b547-9d26eb4e4411,1692820058737425313,548.85,969.348,1,,,25000000.0,0
415a96dc-06db-4621-bcc1-f437d85f5ad4,b0f1bc87-e702-42fe-b547-9d26eb4e4411,1692820058742425313,544.223,987.63,1,,,25000000.0,0
415a96dc-06db-4621-bcc1-f437d85f5ad4,b0f1bc87-e702-42fe-b547-9d26eb4e4411,1692820058747437313,536.097,986.764,1,,,25000000.0,0
415a96dc-06db-4621-bcc1-f437d85f5ad4,b0f1bc87-e702-42fe-b547-9d26eb4e4411,1692820058752425313,545.426,974.552,1,,,25000000.0,0
415a96dc-06db-4621-bcc1-f437d85f5ad4,b0f1bc87-e702-42fe-b547-9d26eb4e4411,1692820058757433313,513.554,964.565,1,,,25000000.0,0
415a96dc-06db-4621-bcc1-f437d85f5ad4,b0f1bc87-e702-42fe-b547-9d26eb4e4411,1692820058762426313,521.507,982.401,1,,,25000000.0,0
415a96dc-06db-4621-bcc1-f437d85f5ad4,b0f1bc87-e702-42fe-b547-9d26eb4e4411,1692820058767426313,534.929,978.33,1,,,25000000.0,0
415a96dc-06db-4621-bcc1-f437d85f5ad4,b0f1bc87-e702-42fe-b547-9d26eb4e4411,1692820058772429313,535.666,973.233,1,,,25000000.0,0
415a96dc-06db-4621-bcc1-f437d85f5ad4,b0f1bc87-e702-42fe-b547-9d26eb4e4411,1692820058777426313,524.478,979.674,1,,,25000000.0,0
415a96dc-06db-4621-bcc1-f437d85f5ad4,b0f1bc87-e702-42fe-b547-9d26eb4e4411,1692820058782428313,537.754,972.034,1,,,25000000.0,0
415a96dc-06db-4621-bcc1-f437d85f5ad4,b0f1bc87-e702-42fe-b547-9d26eb4e4411,1692820058787426313,489.44,981.376,1,,,25000000.0,0
415a96dc-06db-4621-bcc1-f437d85f5ad4,b0f1bc87-e702-42fe-b547-9d26eb4e4411,1692820058792426313,485.29,972.828,1,,,25000000.0,0
415a96dc-06db-4621-bcc1-f437d85f5ad4,b0f1bc87-e702-42fe-b547-9d26eb4e4411,1692820058797426313,500.914,964.937,1,,,25000000.0,0
415a96dc-06db-4621-bcc1-f437d85f5ad4,b0f1bc87-e702-42fe-b547-9d26eb4e4411,1692820058802428313,452.336,956.57,1,,,25000000.0,0
415a96dc-06db-4621-bcc1-f437d85f5ad4,b0f1bc87-e702-42fe-b547-9d26eb4e4411,1692820058807433313,483.136,954.567,1,,,25000000.0,0
415a96dc-06db-4621-bcc1-f437d85f5ad4,b0f1bc87-e702-42fe-b547-9d26eb4e4411,1692820058812426313,504.63,951.06,1,,,25000000.0,0
415a96dc-06db-4621-bcc1-f437d85f5ad4,b0f1bc87-e702-42fe-b547-9d26eb4e4411,1692820058817426313,493.239,957.782,1,,,25000000.0,0
415a96dc-06db-4621-bcc1-f437d85f5ad4,b0f1bc87-e702-42fe-b547-9d26eb4e4411,1692820058822430313,510.357,957.588,1,,,25000000.0,0
415a96dc-06db-4621-bcc1-f437d85f5ad4,b0f1bc87-e702-42fe-b547-9d26eb4e4411,1692820058832426313,527.171,962.092,1,,,25000000.0,0
415a96dc-06db-4621-bcc1-f437d85f5ad4,b0f1bc87-e702-42fe-b547-9d26eb4e4411,1692820058837426313,530.008,960.148,1,,,25000000.0,0
415a96dc-06db-4621-bcc1-f437d85f5ad4,b0f1bc87-e702-42fe-b547-9d26eb4e4411,1692820058842427313,512.091,955.244,1,,,25000000.0,0
415a96dc-06db-4621-bcc1-f437d85f5ad4,b0f1bc87-e702-42fe-b547-9d26eb4e4411,1692820058847430313,519.025,960.124,1,,,25000000.0,0
415a96dc-06db-4621-bcc1-f437d85f5ad4,b0f1bc87-e702-42fe-b547-9d26eb4e4411,1692820058852435313,491.675,957.251,1,,,25000000.0,0
415a96dc-06db-4621-bcc1-f437d85f5ad4,b0f1bc87-e702-42fe-b547-9d26eb4e4411,1692820058857552313,501.84,953.751,1,,,25000000.0,0
415a96dc-06db-4621-bcc1-f437d85f5ad4,b0f1bc87-e702-42fe-b547-9d26eb4e4411,1692820058862551313,513.432,952.079,1,,,25000000.0,0
415a96dc-06db-4621-bcc1-f437d85f5ad4,b0f1bc87-e702-42fe-b547-9d26eb4e4411,1692820058867552313,518.2,956.758,1,,,25000000.0,0
415a96dc-06db-4621-bcc1-f437d85f5ad4,b0f1bc87-e702-42fe-b547-9d26eb4e4411,1692820058872552313,523.009,963.223,1,,,25000000.0,0
415a96dc-06db-4621-bcc1-f437d85f5ad4,b0f1bc87-e702-42fe-b547-9d26eb4e4411,1692820058877552313,527.022,980.01,1,,,25000000.0,0
415a96dc-06db-4621-bcc1-f437d85f5ad4,b0f1bc87-e702-42fe-b547-9d26eb4e4411,1692820058882552313,527.979,974.432,1,,,25000000.0,0
415a96dc-06db-4621-bcc1-f437d85f5ad4,b0f1bc87-e702-42fe-b547-9d26eb4e4411,1692820058887555313,540.857,974.739,1,,,25000000.0,0
415a96dc-06db-4621-bcc1-f437d85f5ad4,b0f1bc87-e702-42fe-b547-9d26eb4e4411,1692820058892552313,541.752,968.729,1,,,25000000.0,0
415a96dc-06db-4621-bcc1-f437d85f5ad4,b0f1bc87-e702-42fe-b547-9d26eb4e4411,1692820058897552313,538.968,971.606,1,,,25000000.0,0
415a96dc-06db-4621-bcc1-f437d85f5ad4,b0f1bc87-e702-42fe-b547-9d26eb4e4411,1692820058902552313,540.076,967.157,1,,,25000000.0,0
415a96dc-06db-4621-bcc1-f437d85f5ad4,b0f1bc87-e702-42fe-b547-9d26eb4e4411,1692820058907552313,543.886,976.996,1,,,25000000.0,0
415a96dc-06db-4621-bcc1-f437d85f5ad4,b0f1bc87-e702-42fe-b547-9d26eb4e4411,1692820058912557313,547.967,976.207,1,,,25000000.0,0
415a96dc-06db-4621-bcc1-f437d85f5ad4,b0f1bc87-e702-42fe-b547-9d26eb4e4411,1692820058917556313,553.33,973.192,1,,,25000000.0,0
415a96dc-06db-4621-bcc1-f437d85f5ad4,b0f1bc87-e702-42fe-b547-9d26eb4e4411,1692820058922552313,564.158,980.342,1,,,25000000.0,0
415a96dc-06db-4621-bcc1-f437d85f5ad4,b0f1bc87-e702-42fe-b547-9d26eb4e4411,1692820058927552313,563.992,974.921,1,,,25000000.0,0
415a96dc-06db-4621-bcc1-f437d85f5ad4,b0f1bc87-e702-42fe-b547-9d26eb4e4411,1692820058932553313,558.465,974.289,1,,,25000000.0,0
415a96dc-06db-4621-bcc1-f437d85f5ad4,b0f1bc87-e702-42fe-b547-9d26eb4e4411,1692820058937552313,549.347,976.213,1,,,25000000.0,0
415a96dc-06db-4621-bcc1-f437d85f5ad4,b0f1bc87-e702-42fe-b547-9d26eb4e4411,1692820058942552313,540.13,972.157,1,,,25000000.0,0
415a96dc-06db-4621-bcc1-f437d85f5ad4,b0f1bc87-e702-42fe-b547-9d26eb4e4411,1692820058947562313,521.802,969.137,1,,,25000000.0,0
415a96dc-06db-4621-bcc1-f437d85f5ad4,b0f1bc87-e702-42fe-b547-9d26eb4e4411,1692820058952553313,504.781,966.862,1,,,25000000.0,0
415a96dc-06db-4621-bcc1-f437d85f5ad4,b0f1bc87-e702-42fe-b547-9d26eb4e4411,1692820058957559313,510.857,973.535,1,,,25000000.0,0
415a96dc-06db-4621-bcc1-f437d85f5ad4,b0f1bc87-e702-42fe-b547-9d26eb4e4411,1692820058962553313,504.012,970.527,1,,,25000000.0,0
415a96dc-06db-4621-bcc1-f437d85f5ad4,b0f1bc87-e702-42fe-b547-9d26eb4e4411,1692820058967561313,512.083,968.153,1,,,25000000.0,0
415a96dc-06db-4621-bcc1-f437d85f5ad4,b0f1bc87-e702-42fe-b547-9d26eb4e4411,1692820058972557313,516.375,973.592,1,,,25000000.0,0
415a96dc-06db-4621-bcc1-f437d85f5ad4,b0f1bc87-e702-42fe-b547-9d26eb4e4411,1692820058977553313,530.905,972.781,1,,,25000000.0,0
415a96dc-06db-4621-bcc1-f437d85f5ad4,b0f1bc87-e702-42fe-b547-9d26eb4e4411,1692820058982565313,544.854,984.438,1,,,25000000.0,0
415a96dc-06db-4621-bcc1-f437d85f5ad4,b0f1bc87-e702-42fe-b547-9d26eb4e4411,1692820058987562313,547.313,985.017,1,,,25000000.0,0
415a96dc-06db-4621-bcc1-f437d85f5ad4,b0f1bc87-e702-42fe-b547-9d26eb4e4411,1692820058992678313,547.848,984.673,1,,,25000000.0,0
415a96dc-06db-4621-bcc1-f437d85f5ad4,b0f1bc87-e702-42fe-b547-9d26eb4e4411,1692820058997678313,546.584,980.567,1,,,25000000.0,0
415a96dc-06db-4621-bcc1-f437d85f5ad4,b0f1bc87-e702-42fe-b547-9d26eb4e4411,1692820059002681313,602.217,980.785,1,,,25000000.0,0
415a96dc-06db-4621-bcc1-f437d85f5ad4,b0f1bc87-e702-42fe-b547-9d26eb4e4411,1692820059007678313,593.504,986.678,1,,,25000000.0,0
415a96dc-06db-4621-bcc1-f437d85f5ad4,b0f1bc87-e702-42fe-b547-9d26eb4e4411,1692820059012678313,598.709,982.943,1,,,25000000.0,0
415a96dc-06db-4621-bcc1-f437d85f5ad4,b0f1bc87-e702-42fe-b547-9d26eb4e4411,1692820059017678313,598.472,980.503,1,,,25000000.0,0
415a96dc-06db-4621-bcc1-f437d85f5ad4,b0f1bc87-e702-42fe-b547-9d26eb4e4411,1692820059022678313,602.277,978.027,1,,,25000000.0,0
415a96dc-06db-4621-bcc1-f437d85f5ad4,b0f1bc87-e702-42fe-b547-9d26eb4e4411,1692820059027678313,596.599,981.073,1,,,25000000.0,0
415a96dc-06db-4621-bcc1-f437d85f5ad4,b0f1bc87-e702-42fe-b547-9d26eb4e4411,1692820059032682313,584.08,980.262,1,,,25000000.0,0
415a96dc-06db-4621-bcc1-f437d85f5ad4,b0f1bc87-e702-42fe-b547-9d26eb4e4411,1692820059037679313,580.68,976.942,1,,,25000000.0,0
415a96dc-06db-4621-bcc1-f437d85f5ad4,b0f1bc87-e702-42fe-b547-9d26eb4e4411,1692820059042678313,585.907,971.376,1,,,25000000.0,0
415a96dc-06db-4621-bcc1-f437d85f5ad4,b0f1bc87-e702-42fe-b547-9d26eb4e4411,1692820059047678313,588.596,970.547,1,,,25000000.0,0
415a96dc-06db-4621-bcc1-f437d85f5ad4,b0f1bc87-e702-42fe-b547-9d26eb4e4411,1692820059052679313,565.77,969.579,1,,,25000000.0,0
415a96dc-06db-4621-bcc1-f437d85f5ad4,b0f1bc87-e702-42fe-b547-9d26eb4e4411,1692820059057679313,566.879,968.987,1,,,25000000.0,0
415a96dc-06db-4621-bcc1-f437d85f5ad4,b0f1bc87-e702-42fe-b547-9d26eb4e4411,1692820059062679313,571.542,962.071,1,,,25000000.0,0
415a96dc-06db-4621-bcc1-f437d85f5ad4,b0f1bc87-e702-42fe-b547-9d26eb4e4411,1692820059067679313,565.833,961.224,1,,,25000000.0,0
415a96dc-06db-4621-bcc1-f437d85f5ad4,b0f1bc87-e702-42fe-b547-9d26eb4e4411,1692820059072682313,560.523,961.178,1,,,25000000.0,0
415a96dc-06db-4621-bcc1-f437d85f5ad4,b0f1bc87-e702-42fe-b547-9d26eb4e4411,1692820059077679313,533.465,960.62,1,,,25000000.0,0
415a96dc-06db-4621-bcc1-f437d85f5ad4,b0f1bc87-e702-42fe-b547-9d26eb4e4411,1692820059082686313,534.616,960.577,1,,,25000000.0,0
415a96dc-06db-4621-bcc1-f437d85f5ad4,b0f1bc87-e702-42fe-b547-9d26eb4e4411,1692820059087685313,536.894,957.776,1,,,25000000.0,0
415a96dc-06db-4621-bcc1-f437d85f5ad4,b0f1bc87-e702-42fe-b547-9d26eb4e4411,1692820059092679313,538.645,957.315,1,,,25000000.0,0
415a96dc-06db-4621-bcc1-f437d85f5ad4,b0f1bc87-e702-42fe-b547-9d26eb4e4411,1692820059097689313,545.076,956.38,1,,,25000000.0,0
415a96dc-06db-4621-bcc1-f437d85f5ad4,b0f1bc87-e702-42fe-b547-9d26eb4e4411,1692820059102679313,545.9,946.524,1,,,25000000.0,0
415a96dc-06db-4621-bcc1-f437d85f5ad4,b0f1bc87-e702-42fe-b547-9d26eb4e4411,1692820059107679313,543.505,943.47,1,,,25000000.0,0
415a96dc-06db-4621-bcc1-f437d85f5ad4,b0f1bc87-e702-42fe-b547-9d26eb4e4411,1692820059112679313,540.452,944.142,1,,,25000000.0,0
415a96dc-06db-4621-bcc1-f437d85f5ad4,b0f1bc87-e702-42fe-b547-9d26eb4e4411,1692820059117679313,541.436,945.091,1,,,25000000.0,0
415a96dc-06db-4621-bcc1-f437d85f5ad4,b0f1bc87-e702-42fe-b547-9d26eb4e4411,1692820059122679313,539.267,945.378,1,,,25000000.0,0
415a96dc-06db-4621-bcc1-f437d85f5ad4,b0f1bc87-e702-42fe-b547-9d26eb4e4411,1692820059127804313,551.569,945.023,1,,,25000000.0,0
415a96dc-06db-4621-bcc1-f437d85f5ad4,b0f1bc87-e702-42fe-b547-9d26eb4e4411,1692820059132804313,559.41,945.459,1,,,25000000.0,0
415a96dc-06db-4621-bcc1-f437d85f5ad4,b0f1bc87-e702-42fe-b547-9d26eb4e4411,1692820059137805313,561.636,945.753,1,,,25000000.0,0
415a96dc-06db-4621-bcc1-f437d85f5ad4,b0f1bc87-e702-42fe-b547-9d26eb4e4411,1692820059142805313,569.967,943.368,1,,,25000000.0,0
415a96dc-06db-4621-bcc1-f437d85f5ad4,b0f1bc87-e702-42fe-b547-9d26eb4e4411,1692820059147805313,571.101,942.636,1,,,25000000.0,0
415a96dc-06db-4621-bcc1-f437d85f5ad4,b0f1bc87-e702-42fe-b547-9d26eb4e4411,1692820059152805313,580.524,936.516,1,,,25000000.0,0
415a96dc-06db-4621-bcc1-f437d85f5ad4,b0f1bc87-e702-42fe-b547-9d26eb4e4411,1692820059157805313,580.115,931.836,1,,,25000000.0,0
415a96dc-06db-4621-bcc1-f437d85f5ad4,b0f1bc87-e702-42fe-b547-9d26eb4e4411,1692820059162805313,578.694,932.469,1,,,25000000.0,0
415a96dc-06db-4621-bcc1-f437d85f5ad4,b0f1bc87-e702-42fe-b547-9d26eb4e4411,1692820059167808313,584.793,924.747,1,,,25000000.0,0
415a96dc-06db-4621-bcc1-f437d85f5ad4,b0f1bc87-e702-42fe-b547-9d26eb4e4411,1692820059172805313,583.68,926.24,1,,,25000000.0,0
415a96dc-06db-4621-bcc1-f437d85f5ad4,b0f1bc87-e702-42fe-b547-9d26eb4e4411,1692820059177805313,575.716,928.672,1,,,25000000.0,0
415a96dc-06db-4621-bcc1-f437d85f5ad4,b0f1bc87-e702-42fe-b547-9d26eb4e4411,1692820059182805313,576.897,927.133,1,,,25000000.0,0
415a96dc-06db-4621-bcc1-f437d85f5ad4,b0f1bc87-e702-42fe-b547-9d26eb4e4411,1692820059187808313,550.022,925.294,1,,,25000000.0,0
415a96dc-06db-4621-bcc1-f437d85f5ad4,b0f1bc87-e702-42fe-b547-9d26eb4e4411,1692820059192805313,538.743,935.502,1,,,25000000.0,0
415a96dc-06db-4621-bcc1-f437d85f5ad4,b0f1bc87-e702-42fe-b547-9d26eb4e4411,1692820059197805313,546.351,935.875,1,,,25000000.0,0
415a96dc-06db-4621-bcc1-f437d85f5ad4,b0f1bc87-e702-42fe-b547-9d26eb4e4411,1692820059202805313,547.226,938.717,1,,,25000000.0,0
415a96dc-06db-4621-bcc1-f437d85f5ad4,b0f1bc87-e702-42fe-b547-9d26eb4e4411,1692820059207817313,558.571,939.09,1,,,25000000.0,0
415a96dc-06db-4621-bcc1-f437d85f5ad4,b0f1bc87-e702-42fe-b547-9d26eb4e4411,1692820059212805313,579.459,933.883,1,,,25000000.0,0
415a96dc-06db-4621-bcc1-f437d85f5ad4,b0f1bc87-e702-42fe-b547-9d26eb4e4411,1692820059217805313,579.778,933.976,1,,,25000000.0,0
415a96dc-06db-4621-bcc1-f437d85f5ad4,b0f1bc87-e702-42fe-b547-9d26eb4e4411,1692820059222806313,562.22,934.493,1,,,25000000.0,0
415a96dc-06db-4621-bcc1-f437d85f5ad4,b0f1bc87-e702-42fe-b547-9d26eb4e4411,1692820059227806313,557.923,941.249,1,,,25000000.0,0
415a96dc-06db-4621-bcc1-f437d85f5ad4,b0f1bc87-e702-42fe-b547-9d26eb4e4411,1692820059232814313,558.166,941.585,1,,,25000000.0,0
415a96dc-06db-4621-bcc1-f437d85f5ad4,b0f1bc87-e702-42fe-b547-9d26eb4e4411,1692820059237806313,560.015,941.271,1,,,25000000.0,0
415a96dc-06db-4621-bcc1-f437d85f5ad4,b0f1bc87-e702-42fe-b547-9d26eb4e4411,1692820059242806313,569.25,940.362,1,,,25000000.0,0
415a96dc-06db-4621-bcc1-f437d85f5ad4,b0f1bc87-e702-42fe-b547-9d26eb4e4411,1692820059247806313,563.935,938.563,1,,,25000000.0,0
415a96dc-06db-4621-bcc1-f437d85f5ad4,b0f1bc87-e702-42fe-b547-9d26eb4e4411,1692820059252806313,566.015,939.579,1,,,25000000.0,0
415a96dc-06db-4621-bcc1-f437d85f5ad4,b0f1bc87-e702-42fe-b547-9d26eb4e4411,1692820059257806313,564.062,939.748,1,,,25000000.0,0
415a96dc-06db-4621-bcc1-f437d85f5ad4,b0f1bc87-e702-42fe-b547-9d26eb4e4411,1692820059262931313,582.684,938.532,1,,,25000000.0,0
415a96dc-06db-4621-bcc1-f437d85f5ad4,b0f1bc87-e702-42fe-b547-9d26eb4e4411,1692820059267816313,581.437,928.487,1,,,25000000.0,0
415a96dc-06db-4621-bcc1-f437d85f5ad4,b0f1bc87-e702-42fe-b547-9d26eb4e4411,1692820059272931313,564.956,932.948,1,,,25000000.0,0
415a96dc-06db-4621-bcc1-f437d85f5ad4,b0f1bc87-e702-42fe-b547-9d26eb4e4411,1692820059277931313,567.117,931.929,1,,,25000000.0,0
415a96dc-06db-4621-bcc1-f437d85f5ad4,b0f1bc87-e702-42fe-b547-9d26eb4e4411,1692820059282931313,562.083,925.604,1,,,25000000.0,0
415a96dc-06db-4621-bcc1-f437d85f5ad4,b0f1bc87-e702-42fe-b547-9d26eb4e4411,1692820059287931313,581.549,918.161,1,,,25000000.0,0
415a96dc-06db-4621-bcc1-f437d85f5ad4,b0f1bc87-e702-42fe-b547-9d26eb4e4411,1692820059292931313,575.658,919.036,1,,,25000000.0,0
415a96dc-06db-4621-bcc1-f437d85f5ad4,b0f1bc87-e702-42fe-b547-9d26eb4e4411,1692820059297931313,573.223,909.697,1,,,25000000.0,0
415a96dc-06db-4621-bcc1-f437d85f5ad4,b0f1bc87-e702-42fe-b547-9d26eb4e4411,1692820059302936313,571.867,913.659,1,,,25000000.0,0
415a96dc-06db-4621-bcc1-f437d85f5ad4,b0f1bc87-e702-42fe-b547-9d26eb4e4411,1692820059307931313,571.352,916.257,1,,,25000000.0,0
415a96dc-06db-4621-bcc1-f437d85f5ad4,b0f1bc87-e702-42fe-b547-9d26eb4e4411,1692820059312940313,569.006,918.498,1,,,25000000.0,0
415a96dc-06db-4621-bcc1-f437d85f5ad4,b0f1bc87-e702-42fe-b547-9d26eb4e4411,1692820059317932313,564.805,917.354,1,,,25000000.0,0
415a96dc-06db-4621-bcc1-f437d85f5ad4,b0f1bc87-e702-42fe-b547-9d26eb4e4411,1692820059322932313,574.048,919.056,1,,,25000000.0,0
415a96dc-06db-4621-bcc1-f437d85f5ad4,b0f1bc87-e702-42fe-b547-9d26eb4e4411,1692820059327932313,581.397,917.967,1,,,25000000.0,0
415a96dc-06db-4621-bcc1-f437d85f5ad4,b0f1bc87-e702-42fe-b547-9d26eb4e4411,1692820059332932313,580.52,928.408,1,,,25000000.0,0
415a96dc-06db-4621-bcc1-f437d85f5ad4,b0f1bc87-e702-42fe-b547-9d26eb4e4411,1692820059337932313,569.765,927.721,1,,,25000000.0,0
415a96dc-06db-4621-bcc1-f437d85f5ad4,b0f1bc87-e702-42fe-b547-9d26eb4e4411,1692820059342932313,570.851,928.366,1,,,25000000.0,0
415a96dc-06db-4621-bcc1-f437d85f5ad4,b0f1bc87-e702-42fe-b547-9d26eb4e4411,1692820059347932313,564.431,927.975,1,,,25000000.0,0
415a96dc-06db-4621-bcc1-f437d85f5ad4,b0f1bc87-e702-42fe-b547-9d26eb4e4411,1692820059352932313,565.503,928.012,1,,,25000000.0,0
415a96dc-06db-4621-bcc1-f437d85f5ad4,b0f1bc87-e702-42fe-b547-9d26eb4e4411,1692820059357932313,564.092,928.527,1,,,25000000.0,0
415a96dc-06db-4621-bcc1-f437d85f5ad4,b0f1bc87-e702-42fe-b547-9d26eb4e4411,1692820059362937313,561.524,925.202,1,,,25000000.0,0
415a96dc-06db-4621-bcc1-f437d85f5ad4,b0f1bc87-e702-42fe-b547-9d26eb4e4411,1692820059367933313,554.666,927.988,1,,,25000000.0,0
415a96dc-06db-4621-bcc1-f437d85f5ad4,b0f1bc87-e702-42fe-b547-9d26eb4e4411,1692820059372932313,536.593,934.119,1,,,25000000.0,0
415a96dc-06db-4621-bcc1-f437d85f5ad4,b0f1bc87-e702-42fe-b547-9d26eb4e4411,1692820059377932313,525.54,942.272,1,,,25000000.0,0
415a96dc-06db-4621-bcc1-f437d85f5ad4,b0f1bc87-e702-42fe-b547-9d26eb4e4411,1692820059382937313,529.799,921.245,1,,,25000000.0,0
415a96dc-06db-4621-bcc1-f437d85f5ad4,b0f1bc87-e702-42fe-b547-9d26eb4e4411,1692820059387932313,539.331,919.152,1,,,25000000.0,0
415a96dc-06db-4621-bcc1-f437d85f5ad4,b0f1bc87-e702-42fe-b547-9d26eb4e4411,1692820059392932313,544.759,920.346,1,,,25000000.0,0
415a96dc-06db-4621-bcc1-f437d85f5ad4,b0f1bc87-e702-42fe-b547-9d26eb4e4411,1692820059398057313,540.395,921.226,1,,,25000000.0,0
415a96dc-06db-4621-bcc1-f437d85f5ad4,b0f1bc87-e702-42fe-b547-9d26eb4e4411,1692820059403057313,552.535,922.119,1,,,25000000.0,0
415a96dc-06db-4621-bcc1-f437d85f5ad4,b0f1bc87-e702-42fe-b547-9d26eb4e4411,1692820059408057313,553.259,926.037,1,,,25000000.0,0
415a96dc-06db-4621-bcc1-f437d85f5ad4,b0f1bc87-e702-42fe-b547-9d26eb4e4411,1692820059413066313,557.201,925.647,1,,,25000000.0,0
415a96dc-06db-4621-bcc1-f437d85f5ad4,b0f1bc87-e702-42fe-b547-9d26eb4e4411,1692820059418057313,551.591,923.023,1,,,25000000.0,0
415a96dc-06db-4621-bcc1-f437d85f5ad4,b0f1bc87-e702-42fe-b547-9d26eb4e4411,1692820059423057313,554.417,923.845,1,,,25000000.0,0
415a96dc-06db-4621-bcc1-f437d85f5ad4,b0f1bc87-e702-42fe-b547-9d26eb4e4411,1692820059428058313,560.344,924.214,1,,,25000000.0,0
415a96dc-06db-4621-bcc1-f437d85f5ad4,b0f1bc87-e702-42fe-b547-9d26eb4e4411,1692820059433065313,560.377,924.375,1,,,25000000.0,0
415a96dc-06db-4621-bcc1-f437d85f5ad4,b0f1bc87-e702-42fe-b547-9d26eb4e4411,1692820059438058313,561.702,923.981,1,,,25000000.0,0
415a96dc-06db-4621-bcc1-f437d85f5ad4,b0f1bc87-e702-42fe-b547-9d26eb4e4411,1692820059443058313,568.572,924.579,1,,,25000000.0,0
415a96dc-06db-4621-bcc1-f437d85f5ad4,b0f1bc87-e702-42fe-b547-9d26eb4e4411,1692820059448058313,588.863,923.501,1,,,25000000.0,0
415a96dc-06db-4621-bcc1-f437d85f5ad4,b0f1bc87-e702-42fe-b547-9d26eb4e4411,1692820059453062313,586.569,923.854,1,,,25000000.0,0
415a96dc-06db-4621-bcc1-f437d85f5ad4,b0f1bc87-e702-42fe-b547-9d26eb4e4411,1692820059458058313,575.951,924.207,1,,,25000000.0,0
415a96dc-06db-4621-bcc1-f437d85f5ad4,b0f1bc87-e702-42fe-b547-9d26eb4e4411,1692820059463058313,574.97,924.643,1,,,25000000.0,0
415a96dc-06db-4621-bcc1-f437d85f5ad4,b0f1bc87-e702-42fe-b547-9d26eb4e4411,1692820059468058313,591.251,925.099,1,,,25000000.0,0
415a96dc-06db-4621-bcc1-f437d85f5ad4,b0f1bc87-e702-42fe-b547-9d26eb4e4411,1692820059473064313,587.592,926.063,1,,,25000000.0,0
415a96dc-06db-4621-bcc1-f437d85f5ad4,b0f1bc87-e702-42fe-b547-9d26eb4e4411,1692820059478058313,598.257,926.121,1,,,25000000.0,0
415a96dc-06db-4621-bcc1-f437d85f5ad4,b0f1bc87-e702-42fe-b547-9d26eb4e4411,1692820059483058313,597.211,930.098,1,,,25000000.0,0
415a96dc-06db-4621-bcc1-f437d85f5ad4,b0f1bc87-e702-42fe-b547-9d26eb4e4411,1692820059488058313,590.174,933.339,1,,,25000000.0,0
415a96dc-06db-4621-bcc1-f437d85f5ad4,b0f1bc87-e702-42fe-b547-9d26eb4e4411,1692820059493058313,589.024,936.732,1,,,25000000.0,0
415a96dc-06db-4621-bcc1-f437d85f5ad4,b0f1bc87-e702-42fe-b547-9d26eb4e4411,1692820059498059313,585.441,933.514,1,,,25000000.0,0
415a96dc-06db-4621-bcc1-f437d85f5ad4,b0f1bc87-e702-42fe-b547-9d26eb4e4411,1692820059503062313,584.954,934.562,1,,,25000000.0,0
415a96dc-06db-4621-bcc1-f437d85f5ad4,b0f1bc87-e702-42fe-b547-9d26eb4e4411,1692820059508065313,582.626,934.06,1,,,25000000.0,0
415a96dc-06db-4621-bcc1-f437d85f5ad4,b0f1bc87-e702-42fe-b547-9d26eb4e4411,1692820059513059313,581.356,941.76,1,,,25000000.0,0
415a96dc-06db-4621-bcc1-f437d85f5ad4,b0f1bc87-e702-42fe-b547-9d26eb4e4411,1692820059518058313,573.618,946.14,1,,,25000000.0,0
415a96dc-06db-4621-bcc1-f437d85f5ad4,b0f1bc87-e702-42fe-b547-9d26eb4e4411,1692820059523069313,567.298,947.98,1,,,25000000.0,0
415a96dc-06db-4621-bcc1-f437d85f5ad4,b0f1bc87-e702-42fe-b547-9d26eb4e4411,1692820059528059313,561.633,948.383,1,,,25000000.0,0
415a96dc-06db-4621-bcc1-f437d85f5ad4,b0f1bc87-e702-42fe-b547-9d26eb4e4411,1692820059533184313,561.232,958.634,1,,,25000000.0,0
415a96dc-06db-4621-bcc1-f437d85f5ad4,b0f1bc87-e702-42fe-b547-9d26eb4e4411,1692820059538184313,554.613,954.099,1,,,25000000.0,0
415a96dc-06db-4621-bcc1-f437d85f5ad4,b0f1bc87-e702-42fe-b547-9d26eb4e4411,1692820059543184313,555.09,960.93,1,,,25000000.0,0
415a96dc-06db-4621-bcc1-f437d85f5ad4,b0f1bc87-e702-42fe-b547-9d26eb4e4411,1692820059548184313,555.499,959.484,1,,,25000000.0,0
415a96dc-06db-4621-bcc1-f437d85f5ad4,b0f1bc87-e702-42fe-b547-9d26eb4e4411,1692820059553184313,558.615,958.448,1,,,25000000.0,0
415a96dc-06db-4621-bcc1-f437d85f5ad4,b0f1bc87-e702-42fe-b547-9d26eb4e4411,1692820059558184313,558.427,965.532,1,,,25000000.0,0
415a96dc-06db-4621-bcc1-f437d85f5ad4,b0f1bc87-e702-42fe-b547-9d26eb4e4411,1692820059563184313,559.343,964.556,1,,,25000000.0,0
415a96dc-06db-4621-bcc1-f437d85f5ad4,b0f1bc87-e702-42fe-b547-9d26eb4e4411,1692820059568184313,559.476,962.147,1,,,25000000.0,0
415a96dc-06db-4621-bcc1-f437d85f5ad4,b0f1bc87-e702-42fe-b547-9d26eb4e4411,1692820059573184313,555.945,960.105,1,,,25000000.0,0
415a96dc-06db-4621-bcc1-f437d85f5ad4,b0f1bc87-e702-42fe-b547-9d26eb4e4411,1692820059578184313,561.858,968.676,1,,,25000000.0,0
415a96dc-06db-4621-bcc1-f437d85f5ad4,b0f1bc87-e702-42fe-b547-9d26eb4e4411,1692820059583197313,564.519,965.96,1,,,25000000.0,0
415a96dc-06db-4621-bcc1-f437d85f5ad4,b0f1bc87-e702-42fe-b547-9d26eb4e4411,1692820059588184313,565.574,967.607,1,,,25000000.0,0
415a96dc-06db-4621-bcc1-f437d85f5ad4,b0f1bc87-e702-42fe-b547-9d26eb4e4411,1692820059593184313,565.332,965.321,1,,,25000000.0,0
415a96dc-06db-4621-bcc1-f437d85f5ad4,b0f1bc87-e702-42fe-b547-9d26eb4e4411,1692820059598190313,549.677,964.635,1,,,25000000.0,0
415a96dc-06db-4621-bcc1-f437d85f5ad4,b0f1bc87-e702-42fe-b547-9d26eb4e4411,1692820059603184313,550.567,962.733,1,,,25000000.0,0
415a96dc-06db-4621-bcc1-f437d85f5ad4,b0f1bc87-e702-42fe-b547-9d26eb4e4411,1692820059608185313,549.224,961.436,1,,,25000000.0,0
415a96dc-06db-4621-bcc1-f437d85f5ad4,b0f1bc87-e702-42fe-b547-9d26eb4e4411,1692820059613184313,549.87,959.993,1,,,25000000.0,0
415a96dc-06db-4621-bcc1-f437d85f5ad4,b0f1bc87-e702-42fe-b547-9d26eb4e4411,1692820059618185313,538.325,959.219,1,,,25000000.0,0
415a96dc-06db-4621-bcc1-f437d85f5ad4,b0f1bc87-e702-42fe-b547-9d26eb4e4411,1692820059623185313,539.977,958.67,1,,,25000000.0,0
415a96dc-06db-4621-bcc1-f437d85f5ad4,b0f1bc87-e702-42fe-b547-9d26eb4e4411,1692820059628185313,555.101,956.537,1,,,25000000.0,0
415a96dc-06db-4621-bcc1-f437d85f5ad4,b0f1bc87-e702-42fe-b547-9d26eb4e4411,1692820059633185313,582.413,955.755,1,,,25000000.0,0
415a96dc-06db-4621-bcc1-f437d85f5ad4,b0f1bc87-e702-42fe-b547-9d26eb4e4411,1692820059638185313,577.087,955.039,1,,,25000000.0,0
415a96dc-06db-4621-bcc1-f437d85f5ad4,b0f1bc87-e702-42fe-b547-9d26eb4e4411,1692820059643188313,547.827,955.196,1,,,25000000.0,0
415a96dc-06db-4621-bcc1-f437d85f5ad4,b0f1bc87-e702-42fe-b547-9d26eb4e4411,1692820059648185313,543.603,946.64,1,,,25000000.0,0
415a96dc-06db-4621-bcc1-f437d85f5ad4,b0f1bc87-e702-42fe-b547-9d26eb4e4411,1692820059653185313,544.801,942.351,1,,,25000000.0,0
415a96dc-06db-4621-bcc1-f437d85f5ad4,b0f1bc87-e702-42fe-b547-9d26eb4e4411,1692820059658185313,545.716,942.346,1,,,25000000.0,0
415a96dc-06db-4621-bcc1-f437d85f5ad4,b0f1bc87-e702-42fe-b547-9d26eb4e4411,1692820059663185313,546.519,941.837,1,,,25000000.0,0
415a96dc-06db-4621-bcc1-f437d85f5ad4,b0f1bc87-e702-42fe-b547-9d26eb4e4411,1692820059668193313,551.173,941.548,1,,,25000000.0,0
415a96dc-06db-4621-bcc1-f437d85f5ad4,b0f1bc87-e702-42fe-b547-9d26eb4e4411,1692820059673310313,537.102,941.608,1,,,25000000.0,0
415a96dc-06db-4621-bcc1-f437d85f5ad4,b0f1bc87-e702-42fe-b547-9d26eb4e4411,1692820059678310313,538.058,936.69,1,,,25000000.0,0
415a96dc-06db-4621-bcc1-f437d85f5ad4,b0f1bc87-e702-42fe-b547-9d26eb4e4411,1692820059683310313,539.589,936.746,1,,,25000000.0,0
415a96dc-06db-4621-bcc1-f437d85f5ad4,b0f1bc87-e702-42fe-b547-9d26eb4e4411,1692820059688311313,541.612,939.88,1,,,25000000.0,0
415a96dc-06db-4621-bcc1-f437d85f5ad4,b0f1bc87-e702-42fe-b547-9d26eb4e4411,1692820059693311313,543.061,942.272,1,,,25000000.0,0
415a96dc-06db-4621-bcc1-f437d85f5ad4,b0f1bc87-e702-42fe-b547-9d26eb4e4411,1692820059698310313,546.403,936.143,1,,,25000000.0,0
415a96dc-06db-4621-bcc1-f437d85f5ad4,b0f1bc87-e702-42fe-b547-9d26eb4e4411,1692820059703311313,547.158,932.451,1,,,25000000.0,0
415a96dc-06db-4621-bcc1-f437d85f5ad4,b0f1bc87-e702-42fe-b547-9d26eb4e4411,1692820059708311313,545.416,932.59,1,,,25000000.0,0
415a96dc-06db-4621-bcc1-f437d85f5ad4,b0f1bc87-e702-42fe-b547-9d26eb4e4411,1692820059713311313,545.843,935.172,1,,,25000000.0,0
415a96dc-06db-4621-bcc1-f437d85f5ad4,b0f1bc87-e702-42fe-b547-9d26eb4e4411,1692820059718311313,546.665,935.093,1,,,25000000.0,0
415a96dc-06db-4621-bcc1-f437d85f5ad4,b0f1bc87-e702-42fe-b547-9d26eb4e4411,1692820059723311313,546.171,924.296,1,,,25000000.0,0
415a96dc-06db-4621-bcc1-f437d85f5ad4,b0f1bc87-e702-42fe-b547-9d26eb4e4411,1692820059728312313,549.654,927.919,1,,,25000000.0,0
415a96dc-06db-4621-bcc1-f437d85f5ad4,b0f1bc87-e702-42fe-b547-9d26eb4e4411,1692820059733320313,561.139,927.602,1,,,25000000.0,0
415a96dc-06db-4621-bcc1-f437d85f5ad4,b0f1bc87-e702-42fe-b547-9d26eb4e4411,1692820059738311313,547.699,937.822,1,,,25000000.0,0
415a96dc-06db-4621-bcc1-f437d85f5ad4,b0f1bc87-e702-42fe-b547-9d26eb4e4411,1692820059743314313,548.287,937.937,1,,,25000000.0,0
415a96dc-06db-4621-bcc1-f437d85f5ad4,b0f1bc87-e702-42fe-b547-9d26eb4e4411,1692820059748311313,564.165,928.873,1,,,25000000.0,0
415a96dc-06db-4621-bcc1-f437d85f5ad4,b0f1bc87-e702-42fe-b547-9d26eb4e4411,1692820059753311313,566.458,910.055,1,,,25000000.0,0
415a96dc-06db-4621-bcc1-f437d85f5ad4,b0f1bc87-e702-42fe-b547-9d26eb4e4411,1692820059758311313,586.856,911.992,1,,,25000000.0,0
415a96dc-06db-4621-bcc1-f437d85f5ad4,b0f1bc87-e702-42fe-b547-9d26eb4e4411,1692820059763311313,584.178,910.508,1,,,25000000.0,0
415a96dc-06db-4621-bcc1-f437d85f5ad4,b0f1bc87-e702-42fe-b547-9d26eb4e4411,1692820059768311313,577.354,908.605,1,,,25000000.0,0
415a96dc-06db-4621-bcc1-f437d85f5ad4,b0f1bc87-e702-42fe-b547-9d26eb4e4411,1692820059773317313,578.887,930.178,1,,,25000000.0,0
415a96dc-06db-4621-bcc1-f437d85f5ad4,b0f1bc87-e702-42fe-b547-9d26eb4e4411,1692820059778311313,577.385,917.419,1,,,25000000.0,0
415a96dc-06db-4621-bcc1-f437d85f5ad4,b0f1bc87-e702-42fe-b547-9d26eb4e4411,1692820059783311313,576.519,916.033,1,,,25000000.0,0
415a96dc-06db-4621-bcc1-f437d85f5ad4,b0f1bc87-e702-42fe-b547-9d26eb4e4411,1692820059788311313,580.56,917.254,1,,,25000000.0,0
415a96dc-06db-4621-bcc1-f437d85f5ad4,b0f1bc87-e702-42fe-b547-9d26eb4e4411,1692820059793312313,580.965,920.02,1,,,25000000.0,0
415a96dc-06db-4621-bcc1-f437d85f5ad4,b0f1bc87-e702-42fe-b547-9d26eb4e4411,1692820059798318313,584.618,934.911,1,,,25000000.0,0
415a96dc-06db-4621-bcc1-f437d85f5ad4,b0f1bc87-e702-42fe-b547-9d26eb4e4411,1692820059803312313,562.246,934.938,1,,,25000000.0,0
415a96dc-06db-4621-bcc1-f437d85f5ad4,b0f1bc87-e702-42fe-b547-9d26eb4e4411,1692820059808437313,562.99,934.982,1,,,25000000.0,0
415a96dc-06db-4621-bcc1-f437d85f5ad4,b0f1bc87-e702-42fe-b547-9d26eb4e4411,1692820059813437313,567.987,934.816,1,,,25000000.0,0
415a96dc-06db-4621-bcc1-f437d85f5ad4,b0f1bc87-e702-42fe-b547-9d26eb4e4411,1692820059818437313,570.394,924.21,1,,,25000000.0,0
415a96dc-06db-4621-bcc1-f437d85f5ad4,b0f1bc87-e702-42fe-b547-9d26eb4e4411,1692820059823437313,570.352,923.678,1,,,25000000.0,0
415a96dc-06db-4621-bcc1-f437d85f5ad4,b0f1bc87-e702-42fe-b547-9d26eb4e4411,1692820059828437313,577.53,924.303,1,,,25000000.0,0
415a96dc-06db-4621-bcc1-f437d85f5ad4,b0f1bc87-e702-42fe-b547-9d26eb4e4411,1692820059833437313,576.767,924.0,1,,,25000000.0,0
415a96dc-06db-4621-bcc1-f437d85f5ad4,b0f1bc87-e702-42fe-b547-9d26eb4e4411,1692820059838437313,578.002,925.281,1,,,25000000.0,0
415a96dc-06db-4621-bcc1-f437d85f5ad4,b0f1bc87-e702-42fe-b547-9d26eb4e4411,1692820059843437313,577.55,925.505,1,,,25000000.0,0
415a96dc-06db-4621-bcc1-f437d85f5ad4,b0f1bc87-e702-42fe-b547-9d26eb4e4411,1692820059848437313,599.632,917.718,1,,,25000000.0,0
415a96dc-06db-4621-bcc1-f437d85f5ad4,b0f1bc87-e702-42fe-b547-9d26eb4e4411,1692820059853451313,607.086,915.105,1,,,25000000.0,0
415a96dc-06db-4621-bcc1-f437d85f5ad4,b0f1bc87-e702-42fe-b547-9d26eb4e4411,1692820059858437313,606.176,920.572,1,,,25000000.0,0
415a96dc-06db-4621-bcc1-f437d85f5ad4,b0f1bc87-e702-42fe-b547-9d26eb4e4411,1692820059863440313,604.016,918.093,1,,,25000000.0,0
415a96dc-06db-4621-bcc1-f437d85f5ad4,b0f1bc87-e702-42fe-b547-9d26eb4e4411,1692820059868438313,600.704,919.117,1,,,25000000.0,0
415a96dc-06db-4621-bcc1-f437d85f5ad4,b0f1bc87-e702-42fe-b547-9d26eb4e4411,1692820059873443313,599.243,919.985,1,,,25000000.0,0
415a96dc-06db-4621-bcc1-f437d85f5ad4,b0f1bc87-e702-42fe-b547-9d26eb4e4411,1692820059878448313,599.027,916.864,1,,,25000000.0,0
415a96dc-06db-4621-bcc1-f437d85f5ad4,b0f1bc87-e702-42fe-b547-9d26eb4e4411,1692820059883437313,597.684,915.092,1,,,25000000.0,0
415a96dc-06db-4621-bcc1-f437d85f5ad4,b0f1bc87-e702-42fe-b547-9d26eb4e4411,1692820059888438313,602.178,910.107,1,,,25000000.0,0
415a96dc-06db-4621-bcc1-f437d85f5ad4,b0f1bc87-e702-42fe-b547-9d26eb4e4411,1692820059893437313,598.787,904.428,1,,,25000000.0,0
415a96dc-06db-4621-bcc1-f437d85f5ad4,b0f1bc87-e702-42fe-b547-9d26eb4e4411,1692820059898440313,599.474,904.682,1,,,25000000.0,0
415a96dc-06db-4621-bcc1-f437d85f5ad4,b0f1bc87-e702-42fe-b547-9d26eb4e4411,1692820059903438313,598.227,903.446,1,,,25000000.0,0
415a96dc-06db-4621-bcc1-f437d85f5ad4,b0f1bc87-e702-42fe-b547-9d26eb4e4411,1692820059908438313,596.878,900.201,1,,,25000000.0,0
415a96dc-06db-4621-bcc1-f437d85f5ad4,b0f1bc87-e702-42fe-b547-9d26eb4e4411,1692820059913438313,597.534,902.769,1,,,25000000.0,0
415a96dc-06db-4621-bcc1-f437d85f5ad4,b0f1bc87-e702-42fe-b547-9d26eb4e4411,1692820059918438313,584.618,905.197,1,,,25000000.0,0
415a96dc-06db-4621-bcc1-f437d85f5ad4,b0f1bc87-e702-42fe-b547-9d26eb4e4411,1692820059923438313,585.165,912.746,1,,,25000000.0,0
415a96dc-06db-4621-bcc1-f437d85f5ad4,b0f1bc87-e702-42fe-b547-9d26eb4e4411,1692820059928438313,557.05,922.216,1,,,25000000.0,0
415a96dc-06db-4621-bcc1-f437d85f5ad4,b0f1bc87-e702-42fe-b547-9d26eb4e4411,1692820059933438313,558.087,924.768,1,,,25000000.0,0
415a96dc-06db-4621-bcc1-f437d85f5ad4,b0f1bc87-e702-42fe-b547-9d26eb4e4411,1692820059938438313,558.954,929.96,1,,,25000000.0,0
415a96dc-06db-4621-bcc1-f437d85f5ad4,b0f1bc87-e702-42fe-b547-9d26eb4e4411,1692820059943563313,562.107,930.137,1,,,25000000.0,0
415a96dc-06db-4621-bcc1-f437d85f5ad4,b0f1bc87-e702-42fe-b547-9d26eb4e4411,1692820059948563313,559.376,928.179,1,,,25000000.0,0
415a96dc-06db-4621-bcc1-f437d85f5ad4,b0f1bc87-e702-42fe-b547-9d26eb4e4411,1692820059953578313,560.034,942.366,1,,,25000000.0,0
415a96dc-06db-4621-bcc1-f437d85f5ad4,b0f1bc87-e702-42fe-b547-9d26eb4e4411,1692820059958563313,550.337,944.446,1,,,25000000.0,0
415a96dc-06db-4621-bcc1-f437d85f5ad4,b0f1bc87-e702-42fe-b547-9d26eb4e4411,1692820059963563313,552.372,941.853,1,,,25000000.0,0
415a96dc-06db-4621-bcc1-f437d85f5ad4,b0f1bc87-e702-42fe-b547-9d26eb4e4411,1692820059968563313,585.57,940.653,1,,,25000000.0,0
415a96dc-06db-4621-bcc1-f437d85f5ad4,b0f1bc87-e702-42fe-b547-9d26eb4e4411,1692820059973563313,569.541,941.389,1,,,25000000.0,0
415a96dc-06db-4621-bcc1-f437d85f5ad4,b0f1bc87-e702-42fe-b547-9d26eb4e4411,1692820059978563313,561.065,941.988,1,,,25000000.0,0
415a96dc-06db-4621-bcc1-f437d85f5ad4,b0f1bc87-e702-42fe-b547-9d26eb4e4411,1692820059983564313,551.073,945.85,1,,,25000000.0,0
415a96dc-06db-4621-bcc1-f437d85f5ad4,b0f1bc87-e702-42fe-b547-9d26eb4e4411,1692820059988564313,552.073,945.442,1,,,25000000.0,0
415a96dc-06db-4621-bcc1-f437d85f5ad4,b0f1bc87-e702-42fe-b547-9d26eb4e4411,1692820060003564313,550.087,948.652,1,,,25000000.0,0
415a96dc-06db-4621-bcc1-f437d85f5ad4,b0f1bc87-e702-42fe-b547-9d26eb4e4411,1692820060008564313,551.199,948.785,1,,,25000000.0,0
415a96dc-06db-4621-bcc1-f437d85f5ad4,b0f1bc87-e702-42fe-b547-9d26eb4e4411,1692820060018564313,549.576,946.902,1,,,25000000.0,0
415a96dc-06db-4621-bcc1-f437d85f5ad4,b0f1bc87-e702-42fe-b547-9d26eb4e4411,1692820060023565313,550.981,950.565,1,,,25000000.0,0
415a96dc-06db-4621-bcc1-f437d85f5ad4,b0f1bc87-e702-42fe-b547-9d26eb4e4411,1692820060033567313,553.062,950.539,1,,,25000000.0,0
415a96dc-06db-4621-bcc1-f437d85f5ad4,b0f1bc87-e702-42fe-b547-9d26eb4e4411,1692820060043572313,558.016,949.341,1,,,25000000.0,0
415a96dc-06db-4621-bcc1-f437d85f5ad4,b0f1bc87-e702-42fe-b547-9d26eb4e4411,1692820060058564313,558.304,951.496,1,,,25000000.0,0
415a96dc-06db-4621-bcc1-f437d85f5ad4,b0f1bc87-e702-42fe-b547-9d26eb4e4411,1692820060063564313,542.042,951.985,1,,,25000000.0,0
415a96dc-06db-4621-bcc1-f437d85f5ad4,b0f1bc87-e702-42fe-b547-9d26eb4e4411,1692820060068564313,559.45,950.828,1,,,25000000.0,0
415a96dc-06db-4621-bcc1-f437d85f5ad4,b0f1bc87-e702-42fe-b547-9d26eb4e4411,1692820060073565313,559.683,957.411,1,,,25000000.0,0
415a96dc-06db-4621-bcc1-f437d85f5ad4,b0f1bc87-e702-42fe-b547-9d26eb4e4411,1692820060078569313,559.789,957.473,1,,,25000000.0,0
415a96dc-06db-4621-bcc1-f437d85f5ad4,b0f1bc87-e702-42fe-b547-9d26eb4e4411,1692820060083700313,544.947,953.006,1,,,25000000.0,0
415a96dc-06db-4621-bcc1-f437d85f5ad4,b0f1bc87-e702-42fe-b547-9d26eb4e4411,1692820060088690313,548.27,952.507,1,,,25000000.0,0
415a96dc-06db-4621-bcc1-f437d85f5ad4,b0f1bc87-e702-42fe-b547-9d26eb4e4411,1692820060093690313,549.332,939.9,1,,,25000000.0,0
415a96dc-06db-4621-bcc1-f437d85f5ad4,b0f1bc87-e702-42fe-b547-9d26eb4e4411,1692820060098703313,549.656,934.69,1,,,25000000.0,0
415a96dc-06db-4621-bcc1-f437d85f5ad4,b0f1bc87-e702-42fe-b547-9d26eb4e4411,1692820060103698313,550.058,939.041,1,,,25000000.0,0
415a96dc-06db-4621-bcc1-f437d85f5ad4,b0f1bc87-e702-42fe-b547-9d26eb4e4411,1692820060108690313,538.334,938.733,1,,,25000000.0,0
415a96dc-06db-4621-bcc1-f437d85f5ad4,b0f1bc87-e702-42fe-b547-9d26eb4e4411,1692820060113690313,525.539,958.82,1,,,25000000.0,0
415a96dc-06db-4621-bcc1-f437d85f5ad4,b0f1bc87-e702-42fe-b547-9d26eb4e4411,1692820060118690313,529.269,957.156,1,,,25000000.0,0
415a96dc-06db-4621-bcc1-f437d85f5ad4,b0f1bc87-e702-42fe-b547-9d26eb4e4411,1692820060123699313,562.736,956.456,1,,,25000000.0,0
415a96dc-06db-4621-bcc1-f437d85f5ad4,b0f1bc87-e702-42fe-b547-9d26eb4e4411,1692820060128690313,553.006,957.041,1,,,25000000.0,0
415a96dc-06db-4621-bcc1-f437d85f5ad4,b0f1bc87-e702-42fe-b547-9d26eb4e4411,1692820060133690313,527.608,956.079,1,,,25000000.0,0
415a96dc-06db-4621-bcc1-f437d85f5ad4,b0f1bc87-e702-42fe-b547-9d26eb4e4411,1692820060138690313,532.778,954.867,1,,,25000000.0,0
415a96dc-06db-4621-bcc1-f437d85f5ad4,b0f1bc87-e702-42fe-b547-9d26eb4e4411,1692820060143690313,537.909,953.987,1,,,25000000.0,0
415a96dc-06db-4621-bcc1-f437d85f5ad4,b0f1bc87-e702-42fe-b547-9d26eb4e4411,1692820060148690313,538.783,958.875,1,,,25000000.0,0
415a96dc-06db-4621-bcc1-f437d85f5ad4,b0f1bc87-e702-42fe-b547-9d26eb4e4411,1692820060153690313,539.802,963.783,1,,,25000000.0,0
415a96dc-06db-4621-bcc1-f437d85f5ad4,b0f1bc87-e702-42fe-b547-9d26eb4e4411,1692820060158690313,549.048,956.585,1,,,25000000.0,0
415a96dc-06db-4621-bcc1-f437d85f5ad4,b0f1bc87-e702-42fe-b547-9d26eb4e4411,1692820060163690313,549.632,954.379,1,,,25000000.0,0
415a96dc-06db-4621-bcc1-f437d85f5ad4,b0f1bc87-e702-42fe-b547-9d26eb4e4411,1692820060168690313,569.434,953.701,1,,,25000000.0,0
415a96dc-06db-4621-bcc1-f437d85f5ad4,b0f1bc87-e702-42fe-b547-9d26eb4e4411,1692820060173695313,569.64,953.896,1,,,25000000.0,0
415a96dc-06db-4621-bcc1-f437d85f5ad4,b0f1bc87-e702-42fe-b547-9d26eb4e4411,1692820060178691313,569.719,953.165,1,,,25000000.0,0
415a96dc-06db-4621-bcc1-f437d85f5ad4,b0f1bc87-e702-42fe-b547-9d26eb4e4411,1692820060183691313,541.183,952.762,1,,,25000000.0,0
415a96dc-06db-4621-bcc1-f437d85f5ad4,b0f1bc87-e702-42fe-b547-9d26eb4e4411,1692820060188691313,533.762,957.189,1,,,25000000.0,0
415a96dc-06db-4621-bcc1-f437d85f5ad4,b0f1bc87-e702-42fe-b547-9d26eb4e4411,1692820060193694313,516.825,961.975,1,,,25000000.0,0
415a96dc-06db-4621-bcc1-f437d85f5ad4,b0f1bc87-e702-42fe-b547-9d26eb4e4411,1692820060198691313,519.28,961.104,1,,,25000000.0,0
415a96dc-06db-4621-bcc1-f437d85f5ad4,b0f1bc87-e702-42fe-b547-9d26eb4e4411,1692820060203694313,523.027,978.955,1,,,25000000.0,0
415a96dc-06db-4621-bcc1-f437d85f5ad4,b0f1bc87-e702-42fe-b547-9d26eb4e4411,1692820060208694313,528.117,974.927,1,,,25000000.0,0
415a96dc-06db-4621-bcc1-f437d85f5ad4,b0f1bc87-e702-42fe-b547-9d26eb4e4411,1692820060213695313,556.182,971.555,1,,,25000000.0,0
415a96dc-06db-4621-bcc1-f437d85f5ad4,b0f1bc87-e702-42fe-b547-9d26eb4e4411,1692820060218816313,566.013,967.932,1,,,25000000.0,0
415a96dc-06db-4621-bcc1-f437d85f5ad4,b0f1bc87-e702-42fe-b547-9d26eb4e4411,1692820060223816313,565.912,965.328,1,,,25000000.0,0
415a96dc-06db-4621-bcc1-f437d85f5ad4,b0f1bc87-e702-42fe-b547-9d26eb4e4411,1692820060228816313,546.57,963.689,1,,,25000000.0,0
415a96dc-06db-4621-bcc1-f437d85f5ad4,b0f1bc87-e702-42fe-b547-9d26eb4e4411,1692820060233816313,549.993,962.328,1,,,25000000.0,0
415a96dc-06db-4621-bcc1-f437d85f5ad4,b0f1bc87-e702-42fe-b547-9d26eb4e4411,1692820060238816313,548.275,970.798,1,,,25000000.0,0
415a96dc-06db-4621-bcc1-f437d85f5ad4,b0f1bc87-e702-42fe-b547-9d26eb4e4411,1692820060243816313,548.785,972.955,1,,,25000000.0,0
415a96dc-06db-4621-bcc1-f437d85f5ad4,b0f1bc87-e702-42fe-b547-9d26eb4e4411,1692820060248816313,574.583,959.938,1,,,25000000.0,0
415a96dc-06db-4621-bcc1-f437d85f5ad4,b0f1bc87-e702-42fe-b547-9d26eb4e4411,1692820060253829313,577.285,965.032,1,,,25000000.0,0
415a96dc-06db-4621-bcc1-f437d85f5ad4,b0f1bc87-e702-42fe-b547-9d26eb4e4411,1692820060258817313,581.26,963.751,1,,,25000000.0,0
415a96dc-06db-4621-bcc1-f437d85f5ad4,b0f1bc87-e702-42fe-b547-9d26eb4e4411,1692820060263817313,580.152,966.733,1,,,25000000.0,0
415a96dc-06db-4621-bcc1-f437d85f5ad4,b0f1bc87-e702-42fe-b547-9d26eb4e4411,1692820060268820313,567.313,965.545,1,,,25000000.0,0
415a96dc-06db-4621-bcc1-f437d85f5ad4,b0f1bc87-e702-42fe-b547-9d26eb4e4411,1692820060273822313,566.957,960.74,1,,,25000000.0,0
415a96dc-06db-4621-bcc1-f437d85f5ad4,b0f1bc87-e702-42fe-b547-9d26eb4e4411,1692820060278817313,625.026,950.288,1,,,25000000.0,0
415a96dc-06db-4621-bcc1-f437d85f5ad4,b0f1bc87-e702-42fe-b547-9d26eb4e4411,1692820060283817313,667.042,936.542,1,,,25000000.0,0
415a96dc-06db-4621-bcc1-f437d85f5ad4,b0f1bc87-e702-42fe-b547-9d26eb4e4411,1692820060288817313,734.888,926.857,1,,,25000000.0,0
415a96dc-06db-4621-bcc1-f437d85f5ad4,b0f1bc87-e702-42fe-b547-9d26eb4e4411,1692820060293817313,772.407,916.654,1,,,25000000.0,0
415a96dc-06db-4621-bcc1-f437d85f5ad4,b0f1bc87-e702-42fe-b547-9d26eb4e4411,1692820060298824313,766.102,910.382,1,,,25000000.0,0
415a96dc-06db-4621-bcc1-f437d85f5ad4,b0f1bc87-e702-42fe-b547-9d26eb4e4411,1692820060303817313,825.012,902.916,1,,,25000000.0,0
415a96dc-06db-4621-bcc1-f437d85f5ad4,b0f1bc87-e702-42fe-b547-9d26eb4e4411,1692820060308817313,862.189,908.72,1,,,25000000.0,0
415a96dc-06db-4621-bcc1-f437d85f5ad4,b0f1bc87-e702-42fe-b547-9d26eb4e4411,1692820060313822313,867.242,910.306,1,,,25000000.0,0
415a96dc-06db-4621-bcc1-f437d85f5ad4,b0f1bc87-e702-42fe-b547-9d26eb4e4411,1692820060318821313,963.091,950.255,1,,,25000000.0,0
415a96dc-06db-4621-bcc1-f437d85f5ad4,b0f1bc87-e702-42fe-b547-9d26eb4e4411,1692820060323817313,937.48,978.937,1,,,25000000.0,0
415a96dc-06db-4621-bcc1-f437d85f5ad4,b0f1bc87-e702-42fe-b547-9d26eb4e4411,1692820060328817313,962.915,1008.389,1,,,25000000.0,0
415a96dc-06db-4621-bcc1-f437d85f5ad4,b0f1bc87-e702-42fe-b547-9d26eb4e4411,1692820060333817313,928.005,1003.728,1,,,25000000.0,0
415a96dc-06db-4621-bcc1-f437d85f5ad4,b0f1bc87-e702-42fe-b547-9d26eb4e4411,1692820060338817313,906.202,1022.903,1,,,25000000.0,0
415a96dc-06db-4621-bcc1-f437d85f5ad4,b0f1bc87-e702-42fe-b547-9d26eb4e4411,1692820060343818313,896.562,1020.537,1,,,25000000.0,0
415a96dc-06db-4621-bcc1-f437d85f5ad4,b0f1bc87-e702-42fe-b547-9d26eb4e4411,1692820060348821313,959.723,1034.269,1,,,25000000.0,0
415a96dc-06db-4621-bcc1-f437d85f5ad4,b0f1bc87-e702-42fe-b547-9d26eb4e4411,1692820060353943313,983.161,1024.13,1,,,25000000.0,0
415a96dc-06db-4621-bcc1-f437d85f5ad4,b0f1bc87-e702-42fe-b547-9d26eb4e4411,1692820060358942313,1041.512,1016.202,1,,,25000000.0,0
415a96dc-06db-4621-bcc1-f437d85f5ad4,b0f1bc87-e702-42fe-b547-9d26eb4e4411,1692820060363952313,1027.47,1009.093,1,,,25000000.0,0
415a96dc-06db-4621-bcc1-f437d85f5ad4,b0f1bc87-e702-42fe-b547-9d26eb4e4411,1692820060368958313,1132.214,1001.28,1,,,25000000.0,0
415a96dc-06db-4621-bcc1-f437d85f5ad4,b0f1bc87-e702-42fe-b547-9d26eb4e4411,1692820060373943313,1135.1,926.658,1,,,25000000.0,0
415a96dc-06db-4621-bcc1-f437d85f5ad4,b0f1bc87-e702-42fe-b547-9d26eb4e4411,1692820060378943313,1082.824,890.591,1,,,25000000.0,0
415a96dc-06db-4621-bcc1-f437d85f5ad4,b0f1bc87-e702-42fe-b547-9d26eb4e4411,1692820060383943313,1176.775,817.695,1,,,25000000.0,0
415a96dc-06db-4621-bcc1-f437d85f5ad4,b0f1bc87-e702-42fe-b547-9d26eb4e4411,1692820060388954313,1228.231,689.594,1,,,25000000.0,0
415a96dc-06db-4621-bcc1-f437d85f5ad4,b0f1bc87-e702-42fe-b547-9d26eb4e4411,1692820060393954313,1145.258,630.367,1,,,25000000.0,0
415a96dc-06db-4621-bcc1-f437d85f5ad4,b0f1bc87-e702-42fe-b547-9d26eb4e4411,1692820060398943313,1077.969,639.765,1,,,25000000.0,0
415a96dc-06db-4621-bcc1-f437d85f5ad4,b0f1bc87-e702-42fe-b547-9d26eb4e4411,1692820060403943313,1054.039,599.49,1,,,25000000.0,0
415a96dc-06db-4621-bcc1-f437d85f5ad4,b0f1bc87-e702-42fe-b547-9d26eb4e4411,1692820060408943313,1062.018,511.71,1,,,25000000.0,0
415a96dc-06db-4621-bcc1-f437d85f5ad4,b0f1bc87-e702-42fe-b547-9d26eb4e4411,1692820060413951313,1013.931,507.112,1,,,25000000.0,0
415a96dc-06db-4621-bcc1-f437d85f5ad4,b0f1bc87-e702-42fe-b547-9d26eb4e4411,1692820060418943313,1109.968,491.516,1,,,25000000.0,0
415a96dc-06db-4621-bcc1-f437d85f5ad4,b0f1bc87-e702-42fe-b547-9d26eb4e4411,1692820060423953313,1126.56,477.037,1,,,25000000.0,0
415a96dc-06db-4621-bcc1-f437d85f5ad4,b0f1bc87-e702-42fe-b547-9d26eb4e4411,1692820060428943313,1136.577,497.404,1,,,25000000.0,0
415a96dc-06db-4621-bcc1-f437d85f5ad4,b0f1bc87-e702-42fe-b547-9d26eb4e4411,1692820060433943313,1126.303,468.937,1,,,25000000.0,0
415a96dc-06db-4621-bcc1-f437d85f5ad4,b0f1bc87-e702-42fe-b547-9d26eb4e4411,1692820060438943313,1116.044,437.35,1,,,25000000.0,0
415a96dc-06db-4621-bcc1-f437d85f5ad4,b0f1bc87-e702-42fe-b547-9d26eb4e4411,1692820060443943313,1122.667,454.762,1,,,25000000.0,0
415a96dc-06db-4621-bcc1-f437d85f5ad4,b0f1bc87-e702-42fe-b547-9d26eb4e4411,1692820060448944313,1105.267,459.467,1,,,25000000.0,0
415a96dc-06db-4621-bcc1-f437d85f5ad4,b0f1bc87-e702-42fe-b547-9d26eb4e4411,1692820060453944313,1091.253,441.111,1,,,25000000.0,0
415a96dc-06db-4621-bcc1-f437d85f5ad4,b0f1bc87-e702-42fe-b547-9d26eb4e4411,1692820060458947313,1105.569,452.895,1,,,25000000.0,0
415a96dc-06db-4621-bcc1-f437d85f5ad4,b0f1bc87-e702-42fe-b547-9d26eb4e4411,1692820060463944313,1082.355,432.611,1,,,25000000.0,0
415a96dc-06db-4621-bcc1-f437d85f5ad4,b0f1bc87-e702-42fe-b547-9d26eb4e4411,1692820060468944313,1078.197,429.983,1,,,25000000.0,0
415a96dc-06db-4621-bcc1-f437d85f5ad4,b0f1bc87-e702-42fe-b547-9d26eb4e4411,1692820060473944313,1074.587,439.216,1,,,25000000.0,0
415a96dc-06db-4621-bcc1-f437d85f5ad4,b0f1bc87-e702-42fe-b547-9d26eb4e4411,1692820060478944313,1078.009,444.964,1,,,25000000.0,0
415a96dc-06db-4621-bcc1-f437d85f5ad4,b0f1bc87-e702-42fe-b547-9d26eb4e4411,1692820060483944313,1083.192,451.269,1,,,25000000.0,0
415a96dc-06db-4621-bcc1-f437d85f5ad4,b0f1bc87-e702-42fe-b547-9d26eb4e4411,1692820060489069313,1092.081,441.637,1,,,25000000.0,0
415a96dc-06db-4621-bcc1-f437d85f5ad4,b0f1bc87-e702-42fe-b547-9d26eb4e4411,1692820060494069313,1099.651,455.474,1,,,25000000.0,0
415a96dc-06db-4621-bcc1-f437d85f5ad4,b0f1bc87-e702-42fe-b547-9d26eb4e4411,1692820060499069313,1090.694,440.489,1,,,25000000.0,0
415a96dc-06db-4621-bcc1-f437d85f5ad4,b0f1bc87-e702-42fe-b547-9d26eb4e4411,1692820060504072313,1086.498,441.696,1,,,25000000.0,0
415a96dc-06db-4621-bcc1-f437d85f5ad4,b0f1bc87-e702-42fe-b547-9d26eb4e4411,1692820060509073313,1074.006,446.859,1,,,25000000.0,0
415a96dc-06db-4621-bcc1-f437d85f5ad4,b0f1bc87-e702-42fe-b547-9d26eb4e4411,1692820060514069313,1077.114,442.223,1,,,25000000.0,0
415a96dc-06db-4621-bcc1-f437d85f5ad4,b0f1bc87-e702-42fe-b547-9d26eb4e4411,1692820060519069313,1077.17,448.688,1,,,25000000.0,0
415a96dc-06db-4621-bcc1-f437d85f5ad4,b0f1bc87-e702-42fe-b547-9d26eb4e4411,1692820060524069313,1081.998,444.508,1,,,25000000.0,0
415a96dc-06db-4621-bcc1-f437d85f5ad4,b0f1bc87-e702-42fe-b547-9d26eb4e4411,1692820060529069313,1085.655,441.888,1,,,25000000.0,0
415a96dc-06db-4621-bcc1-f437d85f5ad4,b0f1bc87-e702-42fe-b547-9d26eb4e4411,1692820060534080313,1076.792,427.849,1,,,25000000.0,0
415a96dc-06db-4621-bcc1-f437d85f5ad4,b0f1bc87-e702-42fe-b547-9d26eb4e4411,1692820060539070313,1078.515,439.027,1,,,25000000.0,0
415a96dc-06db-4621-bcc1-f437d85f5ad4,b0f1bc87-e702-42fe-b547-9d26eb4e4411,1692820060544070313,1078.383,446.835,1,,,25000000.0,0
415a96dc-06db-4621-bcc1-f437d85f5ad4,b0f1bc87-e702-42fe-b547-9d26eb4e4411,1692820060549070313,1083.026,436.857,1,,,25000000.0,0
415a96dc-06db-4621-bcc1-f437d85f5ad4,b0f1bc87-e702-42fe-b547-9d26eb4e4411,1692820060554070313,1075.271,431.34,1,,,25000000.0,0
415a96dc-06db-4621-bcc1-f437d85f5ad4,b0f1bc87-e702-42fe-b547-9d26eb4e4411,1692820060559073313,1073.169,441.562,1,,,25000000.0,0
415a96dc-06db-4621-bcc1-f437d85f5ad4,b0f1bc87-e702-42fe-b547-9d26eb4e4411,1692820060564070313,1066.06,426.277,1,,,25000000.0,0
415a96dc-06db-4621-bcc1-f437d85f5ad4,b0f1bc87-e702-42fe-b547-9d26eb4e4411,1692820060569070313,1079.093,438.8,1,,,25000000.0,0
415a96dc-06db-4621-bcc1-f437d85f5ad4,b0f1bc87-e702-42fe-b547-9d26eb4e4411,1692820060574070313,1079.439,440.589,1,,,25000000.0,0
415a96dc-06db-4621-bcc1-f437d85f5ad4,b0f1bc87-e702-42fe-b547-9d26eb4e4411,1692820060579070313,1073.792,441.82,1,,,25000000.0,0
415a96dc-06db-4621-bcc1-f437d85f5ad4,b0f1bc87-e702-42fe-b547-9d26eb4e4411,1692820060584070313,1070.861,433.001,1,,,25000000.0,0
415a96dc-06db-4621-bcc1-f437d85f5ad4,b0f1bc87-e702-42fe-b547-9d26eb4e4411,1692820060589070313,1074.274,434.803,1,,,25000000.0,0
415a96dc-06db-4621-bcc1-f437d85f5ad4,b0f1bc87-e702-42fe-b547-9d26eb4e4411,1692820060594073313,1075.139,438.75,1,,,25000000.0,0
415a96dc-06db-4621-bcc1-f437d85f5ad4,b0f1bc87-e702-42fe-b547-9d26eb4e4411,1692820060599070313,1079.151,439.296,1,,,25000000.0,0
415a96dc-06db-4621-bcc1-f437d85f5ad4,b0f1bc87-e702-42fe-b547-9d26eb4e4411,1692820060604070313,1079.578,437.228,1,,,25000000.0,0
415a96dc-06db-4621-bcc1-f437d85f5ad4,b0f1bc87-e702-42fe-b547-9d26eb4e4411,1692820060609070313,1076.91,443.851,1,,,25000000.0,0
415a96dc-06db-4621-bcc1-f437d85f5ad4,b0f1bc87-e702-42fe-b547-9d26eb4e4411,1692820060614070313,1074.42,434.987,1,,,25000000.0,0
415a96dc-06db-4621-bcc1-f437d85f5ad4,b0f1bc87-e702-42fe-b547-9d26eb4e4411,1692820060619070313,1074.726,435.956,1,,,25000000.0,0
415a96dc-06db-4621-bcc1-f437d85f5ad4,b0f1bc87-e702-42fe-b547-9d26eb4e4411,1692820060624207313,1073.86,436.975,1,,,25000000.0,0
415a96dc-06db-4621-bcc1-f437d85f5ad4,b0f1bc87-e702-42fe-b547-9d26eb4e4411,1692820060629195313,1074.0,439.331,1,,,25000000.0,0
415a96dc-06db-4621-bcc1-f437d85f5ad4,b0f1bc87-e702-42fe-b547-9d26eb4e4411,1692820060634196313,1068.729,437.134,1,,,25000000.0,0
415a96dc-06db-4621-bcc1-f437d85f5ad4,b0f1bc87-e702-42fe-b547-9d26eb4e4411,1692820060639196313,1063.774,436.504,1,,,25000000.0,0
415a96dc-06db-4621-bcc1-f437d85f5ad4,b0f1bc87-e702-42fe-b547-9d26eb4e4411,1692820060644196313,1069.158,442.41,1,,,25000000.0,0
415a96dc-06db-4621-bcc1-f437d85f5ad4,b0f1bc87-e702-42fe-b547-9d26eb4e4411,1692820060649207313,1068.226,442.875,1,,,25000000.0,0
415a96dc-06db-4621-bcc1-f437d85f5ad4,b0f1bc87-e702-42fe-b547-9d26eb4e4411,1692820060654196313,1066.586,445.034,1,,,25000000.0,0
415a96dc-06db-4621-bcc1-f437d85f5ad4,b0f1bc87-e702-42fe-b547-9d26eb4e4411,1692820060659196313,1066.018,444.914,1,,,25000000.0,0
415a96dc-06db-4621-bcc1-f437d85f5ad4,b0f1bc87-e702-42fe-b547-9d26eb4e4411,1692820060664196313,1065.585,446.623,1,,,25000000.0,0
415a96dc-06db-4621-bcc1-f437d85f5ad4,b0f1bc87-e702-42fe-b547-9d26eb4e4411,1692820060669199313,1068.995,442.725,1,,,25000000.0,0
415a96dc-06db-4621-bcc1-f437d85f5ad4,b0f1bc87-e702-42fe-b547-9d26eb4e4411,1692820060674196313,1073.825,448.359,1,,,25000000.0,0
415a96dc-06db-4621-bcc1-f437d85f5ad4,b0f1bc87-e702-42fe-b547-9d26eb4e4411,1692820060679196313,1097.114,467.268,1,,,25000000.0,0
415a96dc-06db-4621-bcc1-f437d85f5ad4,b0f1bc87-e702-42fe-b547-9d26eb4e4411,1692820060684198313,1116.05,479.458,1,,,25000000.0,0
415a96dc-06db-4621-bcc1-f437d85f5ad4,b0f1bc87-e702-42fe-b547-9d26eb4e4411,1692820060689208313,1132.449,486.791,1,,,25000000.0,0
415a96dc-06db-4621-bcc1-f437d85f5ad4,b0f1bc87-e702-42fe-b547-9d26eb4e4411,1692820060694196313,1137.139,484.934,1,,,25000000.0,0
415a96dc-06db-4621-bcc1-f437d85f5ad4,b0f1bc87-e702-42fe-b547-9d26eb4e4411,1692820060699196313,1136.022,486.316,1,,,25000000.0,0
415a96dc-06db-4621-bcc1-f437d85f5ad4,b0f1bc87-e702-42fe-b547-9d26eb4e4411,1692820060704196313,1126.755,490.678,1,,,25000000.0,0
415a96dc-06db-4621-bcc1-f437d85f5ad4,b0f1bc87-e702-42fe-b547-9d26eb4e4411,1692820060709203313,1122.066,494.626,1,,,25000000.0,0
415a96dc-06db-4621-bcc1-f437d85f5ad4,b0f1bc87-e702-42fe-b547-9d26eb4e4411,1692820060714197313,1120.701,495.915,1,,,25000000.0,0
415a96dc-06db-4621-bcc1-f437d85f5ad4,b0f1bc87-e702-42fe-b547-9d26eb4e4411,1692820060719196313,1128.583,498.157,1,,,25000000.0,0
415a96dc-06db-4621-bcc1-f437d85f5ad4,b0f1bc87-e702-42fe-b547-9d26eb4e4411,1692820060724200313,1135.08,498.505,1,,,25000000.0,0
415a96dc-06db-4621-bcc1-f437d85f5ad4,b0f1bc87-e702-42fe-b547-9d26eb4e4411,1692820060729206313,1129.478,497.154,1,,,25000000.0,0
415a96dc-06db-4621-bcc1-f437d85f5ad4,b0f1bc87-e702-42fe-b547-9d26eb4e4411,1692820060734200313,1120.879,495.698,1,,,25000000.0,0
415a96dc-06db-4621-bcc1-f437d85f5ad4,b0f1bc87-e702-42fe-b547-9d26eb4e4411,1692820060739197313,1119.635,494.136,1,,,25000000.0,0
415a96dc-06db-4621-bcc1-f437d85f5ad4,b0f1bc87-e702-42fe-b547-9d26eb4e4411,1692820060744201313,1121.563,493.825,1,,,25000000.0,0
415a96dc-06db-4621-bcc1-f437d85f5ad4,b0f1bc87-e702-42fe-b547-9d26eb4e4411,1692820060749197313,1124.02,493.517,1,,,25000000.0,0
415a96dc-06db-4621-bcc1-f437d85f5ad4,b0f1bc87-e702-42fe-b547-9d26eb4e4411,1692820060754197313,1125.098,493.726,1,,,25000000.0,0
415a96dc-06db-4621-bcc1-f437d85f5ad4,b0f1bc87-e702-42fe-b547-9d26eb4e4411,1692820060759329313,1125.249,491.275,1,,,25000000.0,0
415a96dc-06db-4621-bcc1-f437d85f5ad4,b0f1bc87-e702-42fe-b547-9d26eb4e4411,1692820060764322313,1120.026,491.476,1,,,25000000.0,0
415a96dc-06db-4621-bcc1-f437d85f5ad4,b0f1bc87-e702-42fe-b547-9d26eb4e4411,1692820060769322313,1115.007,492.813,1,,,25000000.0,0
415a96dc-06db-4621-bcc1-f437d85f5ad4,b0f1bc87-e702-42fe-b547-9d26eb4e4411,1692820060774322313,1109.459,494.96,1,,,25000000.0,0
415a96dc-06db-4621-bcc1-f437d85f5ad4,b0f1bc87-e702-42fe-b547-9d26eb4e4411,1692820060779322313,1107.959,495.648,1,,,25000000.0,0
415a96dc-06db-4621-bcc1-f437d85f5ad4,b0f1bc87-e702-42fe-b547-9d26eb4e4411,1692820060784329313,1105.378,493.101,1,,,25000000.0,0
415a96dc-06db-4621-bcc1-f437d85f5ad4,b0f1bc87-e702-42fe-b547-9d26eb4e4411,1692820060789322313,1103.381,489.515,1,,,25000000.0,0
415a96dc-06db-4621-bcc1-f437d85f5ad4,b0f1bc87-e702-42fe-b547-9d26eb4e4411,1692820060794322313,1101.863,479.893,1,,,25000000.0,0
415a96dc-06db-4621-bcc1-f437d85f5ad4,b0f1bc87-e702-42fe-b547-9d26eb4e4411,1692820060799322313,1100.842,480.801,1,,,25000000.0,0
415a96dc-06db-4621-bcc1-f437d85f5ad4,b0f1bc87-e702-42fe-b547-9d26eb4e4411,1692820060804322313,1098.676,478.688,1,,,25000000.0,0
415a96dc-06db-4621-bcc1-f437d85f5ad4,b0f1bc87-e702-42fe-b547-9d26eb4e4411,1692820060809331313,1100.251,478.058,1,,,25000000.0,0
415a96dc-06db-4621-bcc1-f437d85f5ad4,b0f1bc87-e702-42fe-b547-9d26eb4e4411,1692820060814322313,1099.018,470.41,1,,,25000000.0,0
415a96dc-06db-4621-bcc1-f437d85f5ad4,b0f1bc87-e702-42fe-b547-9d26eb4e4411,1692820060819322313,1097.374,466.886,1,,,25000000.0,0
415a96dc-06db-4621-bcc1-f437d85f5ad4,b0f1bc87-e702-42fe-b547-9d26eb4e4411,1692820060824323313,1095.446,471.923,1,,,25000000.0,0
415a96dc-06db-4621-bcc1-f437d85f5ad4,b0f1bc87-e702-42fe-b547-9d26eb4e4411,1692820060829323313,1094.506,472.867,1,,,25000000.0,0
415a96dc-06db-4621-bcc1-f437d85f5ad4,b0f1bc87-e702-42fe-b547-9d26eb4e4411,1692820060834332313,1093.016,476.688,1,,,25000000.0,0
415a96dc-06db-4621-bcc1-f437d85f5ad4,b0f1bc87-e702-42fe-b547-9d26eb4e4411,1692820060839323313,1092.382,478.209,1,,,25000000.0,0
415a96dc-06db-4621-bcc1-f437d85f5ad4,b0f1bc87-e702-42fe-b547-9d26eb4e4411,1692820060844323313,1090.309,480.471,1,,,25000000.0,0
415a96dc-06db-4621-bcc1-f437d85f5ad4,b0f1bc87-e702-42fe-b547-9d26eb4e4411,1692820060849323313,1087.488,478.005,1,,,25000000.0,0
415a96dc-06db-4621-bcc1-f437d85f5ad4,b0f1bc87-e702-42fe-b547-9d26eb4e4411,1692820060854323313,1083.357,478.612,1,,,25000000.0,0
415a96dc-06db-4621-bcc1-f437d85f5ad4,b0f1bc87-e702-42fe-b547-9d26eb4e4411,1692820060859323313,1080.165,475.784,1,,,25000000.0,0
415a96dc-06db-4621-bcc1-f437d85f5ad4,b0f1bc87-e702-42fe-b547-9d26eb4e4411,1692820060864330313,1074.611,476.968,1,,,25000000.0,0
415a96dc-06db-4621-bcc1-f437d85f5ad4,b0f1bc87-e702-42fe-b547-9d26eb4e4411,1692820060869323313,1073.714,474.601,1,,,25000000.0,0
415a96dc-06db-4621-bcc1-f437d85f5ad4,b0f1bc87-e702-42fe-b547-9d26eb4e4411,1692820060874323313,1071.387,476.885,1,,,25000000.0,0
415a96dc-06db-4621-bcc1-f437d85f5ad4,b0f1bc87-e702-42fe-b547-9d26eb4e4411,1692820060879323313,1069.92,474.917,1,,,25000000.0,0
415a96dc-06db-4621-bcc1-f437d85f5ad4,b0f1bc87-e702-42fe-b547-9d26eb4e4411,1692820060884323313,1069.141,472.027,1,,,25000000.0,0
415a96dc-06db-4621-bcc1-f437d85f5ad4,b0f1bc87-e702-42fe-b547-9d26eb4e4411,1692820060889323313,1066.386,467.718,1,,,25000000.0,0
415a96dc-06db-4621-bcc1-f437d85f5ad4,b0f1bc87-e702-42fe-b547-9d26eb4e4411,1692820060894448313,1066.711,470.439,1,,,25000000.0,0
415a96dc-06db-4621-bcc1-f437d85f5ad4,b0f1bc87-e702-42fe-b547-9d26eb4e4411,1692820060899329313,1067.829,468.136,1,,,25000000.0,0
415a96dc-06db-4621-bcc1-f437d85f5ad4,b0f1bc87-e702-42fe-b547-9d26eb4e4411,1692820060904452313,1068.349,468.775,1,,,25000000.0,0
415a96dc-06db-4621-bcc1-f437d85f5ad4,b0f1bc87-e702-42fe-b547-9d26eb4e4411,1692820060909456313,1068.466,469.729,1,,,25000000.0,0
415a96dc-06db-4621-bcc1-f437d85f5ad4,b0f1bc87-e702-42fe-b547-9d26eb4e4411,1692820060914449313,1068.722,468.318,1,,,25000000.0,0
415a96dc-06db-4621-bcc1-f437d85f5ad4,b0f1bc87-e702-42fe-b547-9d26eb4e4411,1692820060919452313,1067.954,466.878,1,,,25000000.0,0
415a96dc-06db-4621-bcc1-f437d85f5ad4,b0f1bc87-e702-42fe-b547-9d26eb4e4411,1692820060924449313,1064.465,467.243,1,,,25000000.0,0
415a96dc-06db-4621-bcc1-f437d85f5ad4,b0f1bc87-e702-42fe-b547-9d26eb4e4411,1692820060929449313,1064.281,463.493,1,,,25000000.0,0
415a96dc-06db-4621-bcc1-f437d85f5ad4,b0f1bc87-e702-42fe-b547-9d26eb4e4411,1692820060934449313,1066.43,466.326,1,,,25000000.0,0
415a96dc-06db-4621-bcc1-f437d85f5ad4,b0f1bc87-e702-42fe-b547-9d26eb4e4411,1692820060939452313,1066.129,465.208,1,,,25000000.0,0
415a96dc-06db-4621-bcc1-f437d85f5ad4,b0f1bc87-e702-42fe-b547-9d26eb4e4411,1692820060944449313,1064.316,464.534,1,,,25000000.0,0
415a96dc-06db-4621-bcc1-f437d85f5ad4,b0f1bc87-e702-42fe-b547-9d26eb4e4411,1692820060949449313,1068.295,461.5,1,,,25000000.0,0
415a96dc-06db-4621-bcc1-f437d85f5ad4,b0f1bc87-e702-42fe-b547-9d26eb4e4411,1692820060954449313,1067.851,461.318,1,,,25000000.0,0
415a96dc-06db-4621-bcc1-f437d85f5ad4,b0f1bc87-e702-42fe-b547-9d26eb4e4411,1692820060959449313,1066.923,463.898,1,,,25000000.0,0
415a96dc-06db-4621-bcc1-f437d85f5ad4,b0f1bc87-e702-42fe-b547-9d26eb4e4411,1692820060964449313,1067.615,464.698,1,,,25000000.0,0
415a96dc-06db-4621-bcc1-f437d85f5ad4,b0f1bc87-e702-42fe-b547-9d26eb4e4411,1692820060969449313,1067.516,466.517,1,,,25000000.0,0
415a96dc-06db-4621-bcc1-f437d85f5ad4,b0f1bc87-e702-42fe-b547-9d26eb4e4411,1692820060974449313,1066.844,463.812,1,,,25000000.0,0
415a96dc-06db-4621-bcc1-f437d85f5ad4,b0f1bc87-e702-42fe-b547-9d26eb4e4411,1692820060979452313,1065.042,465.124,1,,,25000000.0,0
415a96dc-06db-4621-bcc1-f437d85f5ad4,b0f1bc87-e702-42fe-b547-9d26eb4e4411,1692820060984457313,1061.663,466.181,1,,,25000000.0,0
415a96dc-06db-4621-bcc1-f437d85f5ad4,b0f1bc87-e702-42fe-b547-9d26eb4e4411,1692820060989449313,1061.991,464.839,1,,,25000000.0,0
415a96dc-06db-4621-bcc1-f437d85f5ad4,b0f1bc87-e702-42fe-b547-9d26eb4e4411,1692820060994449313,1060.512,466.335,1,,,25000000.0,0
415a96dc-06db-4621-bcc1-f437d85f5ad4,b0f1bc87-e702-42fe-b547-9d26eb4e4411,1692820060999449313,1058.441,467.673,1,,,25000000.0,0
415a96dc-06db-4621-bcc1-f437d85f5ad4,b0f1bc87-e702-42fe-b547-9d26eb4e4411,1692820061004454313,1058.835,468.169,1,,,25000000.0,0
415a96dc-06db-4621-bcc1-f437d85f5ad4,b0f1bc87-e702-42fe-b547-9d26eb4e4411,1692820061009450313,1059.066,468.043,1,,,25000000.0,0
415a96dc-06db-4621-bcc1-f437d85f5ad4,b0f1bc87-e702-42fe-b547-9d26eb4e4411,1692820061014453313,1059.613,459.477,1,,,25000000.0,0
415a96dc-06db-4621-bcc1-f437d85f5ad4,b0f1bc87-e702-42fe-b547-9d26eb4e4411,1692820061019450313,1058.581,450.471,1,,,25000000.0,0
415a96dc-06db-4621-bcc1-f437d85f5ad4,b0f1bc87-e702-42fe-b547-9d26eb4e4411,1692820061024450313,1061.41,422.373,1,,,25000000.0,0
415a96dc-06db-4621-bcc1-f437d85f5ad4,b0f1bc87-e702-42fe-b547-9d26eb4e4411,1692820061029458313,1062.518,397.229,1,,,25000000.0,0
415a96dc-06db-4621-bcc1-f437d85f5ad4,b0f1bc87-e702-42fe-b547-9d26eb4e4411,1692820061034575313,1060.917,367.153,1,,,25000000.0,0
415a96dc-06db-4621-bcc1-f437d85f5ad4,b0f1bc87-e702-42fe-b547-9d26eb4e4411,1692820061039575313,1058.974,356.791,1,,,25000000.0,0
415a96dc-06db-4621-bcc1-f437d85f5ad4,b0f1bc87-e702-42fe-b547-9d26eb4e4411,1692820061044575313,1058.934,353.882,1,,,25000000.0,0
415a96dc-06db-4621-bcc1-f437d85f5ad4,b0f1bc87-e702-42fe-b547-9d26eb4e4411,1692820061049575313,1059.58,348.721,1,,,25000000.0,0
415a96dc-06db-4621-bcc1-f437d85f5ad4,b0f1bc87-e702-42fe-b547-9d26eb4e4411,1692820061054576313,1058.486,343.651,1,,,25000000.0,0
415a96dc-06db-4621-bcc1-f437d85f5ad4,b0f1bc87-e702-42fe-b547-9d26eb4e4411,1692820061059575313,1058.863,340.326,1,,,25000000.0,0
415a96dc-06db-4621-bcc1-f437d85f5ad4,b0f1bc87-e702-42fe-b547-9d26eb4e4411,1692820061064575313,1059.144,340.917,1,,,25000000.0,0
415a96dc-06db-4621-bcc1-f437d85f5ad4,b0f1bc87-e702-42fe-b547-9d26eb4e4411,1692820061069577313,1059.459,334.01,1,,,25000000.0,0
415a96dc-06db-4621-bcc1-f437d85f5ad4,b0f1bc87-e702-42fe-b547-9d26eb4e4411,1692820061074575313,1059.669,341.068,1,,,25000000.0,0
415a96dc-06db-4621-bcc1-f437d85f5ad4,b0f1bc87-e702-42fe-b547-9d26eb4e4411,1692820061079575313,1058.805,341.222,1,,,25000000.0,0
415a96dc-06db-4621-bcc1-f437d85f5ad4,b0f1bc87-e702-42fe-b547-9d26eb4e4411,1692820061084575313,1059.071,355.056,1,,,25000000.0,0
415a96dc-06db-4621-bcc1-f437d85f5ad4,b0f1bc87-e702-42fe-b547-9d26eb4e4411,1692820061089575313,1056.059,355.929,1,,,25000000.0,0
415a96dc-06db-4621-bcc1-f437d85f5ad4,b0f1bc87-e702-42fe-b547-9d26eb4e4411,1692820061094575313,1056.642,356.58,1,,,25000000.0,0
415a96dc-06db-4621-bcc1-f437d85f5ad4,b0f1bc87-e702-42fe-b547-9d26eb4e4411,1692820061099575313,1057.532,361.808,1,,,25000000.0,0
415a96dc-06db-4621-bcc1-f437d85f5ad4,b0f1bc87-e702-42fe-b547-9d26eb4e4411,1692820061104580313,1057.721,357.317,1,,,25000000.0,0
415a96dc-06db-4621-bcc1-f437d85f5ad4,b0f1bc87-e702-42fe-b547-9d26eb4e4411,1692820061109576313,1041.548,366.733,1,,,25000000.0,0
415a96dc-06db-4621-bcc1-f437d85f5ad4,b0f1bc87-e702-42fe-b547-9d26eb4e4411,1692820061114576313,1015.218,378.565,1,,,25000000.0,0
415a96dc-06db-4621-bcc1-f437d85f5ad4,b0f1bc87-e702-42fe-b547-9d26eb4e4411,1692820061119576313,989.599,383.017,1,,,25000000.0,0
415a96dc-06db-4621-bcc1-f437d85f5ad4,b0f1bc87-e702-42fe-b547-9d26eb4e4411,1692820061124576313,955.785,406.117,1,,,25000000.0,0
415a96dc-06db-4621-bcc1-f437d85f5ad4,b0f1bc87-e702-42fe-b547-9d26eb4e4411,1692820061129576313,923.724,444.841,1,,,25000000.0,0
415a96dc-06db-4621-bcc1-f437d85f5ad4,b0f1bc87-e702-42fe-b547-9d26eb4e4411,1692820061134576313,892.148,472.512,1,,,25000000.0,0
415a96dc-06db-4621-bcc1-f437d85f5ad4,b0f1bc87-e702-42fe-b547-9d26eb4e4411,1692820061139576313,850.797,501.808,1,,,25000000.0,0
415a96dc-06db-4621-bcc1-f437d85f5ad4,b0f1bc87-e702-42fe-b547-9d26eb4e4411,1692820061144576313,817.882,541.649,1,,,25000000.0,0
415a96dc-06db-4621-bcc1-f437d85f5ad4,b0f1bc87-e702-42fe-b547-9d26eb4e4411,1692820061149576313,766.711,576.952,1,,,25000000.0,0
415a96dc-06db-4621-bcc1-f437d85f5ad4,b0f1bc87-e702-42fe-b547-9d26eb4e4411,1692820061154576313,735.667,596.583,1,,,25000000.0,0
415a96dc-06db-4621-bcc1-f437d85f5ad4,b0f1bc87-e702-42fe-b547-9d26eb4e4411,1692820061159576313,729.228,610.796,1,,,25000000.0,0
415a96dc-06db-4621-bcc1-f437d85f5ad4,b0f1bc87-e702-42fe-b547-9d26eb4e4411,1692820061164576313,722.261,651.508,1,,,25000000.0,0
415a96dc-06db-4621-bcc1-f437d85f5ad4,b0f1bc87-e702-42fe-b547-9d26eb4e4411,1692820061169705313,707.988,668.446,1,,,25000000.0,0
415a96dc-06db-4621-bcc1-f437d85f5ad4,b0f1bc87-e702-42fe-b547-9d26eb4e4411,1692820061174701313,710.31,713.805,1,,,25000000.0,0
415a96dc-06db-4621-bcc1-f437d85f5ad4,b0f1bc87-e702-42fe-b547-9d26eb4e4411,1692820061179701313,657.423,734.317,1,,,25000000.0,0
415a96dc-06db-4621-bcc1-f437d85f5ad4,b0f1bc87-e702-42fe-b547-9d26eb4e4411,1692820061184710313,668.406,758.972,1,,,25000000.0,0
415a96dc-06db-4621-bcc1-f437d85f5ad4,b0f1bc87-e702-42fe-b547-9d26eb4e4411,1692820061189701313,653.223,772.66,1,,,25000000.0,0
415a96dc-06db-4621-bcc1-f437d85f5ad4,b0f1bc87-e702-42fe-b547-9d26eb4e4411,1692820061194701313,682.141,802.628,1,,,25000000.0,0
415a96dc-06db-4621-bcc1-f437d85f5ad4,b0f1bc87-e702-42fe-b547-9d26eb4e4411,1692820061199705313,654.663,863.611,1,,,25000000.0,0
415a96dc-06db-4621-bcc1-f437d85f5ad4,b0f1bc87-e702-42fe-b547-9d26eb4e4411,1692820061204701313,631.303,876.025,1,,,25000000.0,0
415a96dc-06db-4621-bcc1-f437d85f5ad4,b0f1bc87-e702-42fe-b547-9d26eb4e4411,1692820061209716313,651.221,890.903,1,,,25000000.0,0
415a96dc-06db-4621-bcc1-f437d85f5ad4,b0f1bc87-e702-42fe-b547-9d26eb4e4411,1692820061214702313,666.232,925.921,1,,,25000000.0,0
415a96dc-06db-4621-bcc1-f437d85f5ad4,b0f1bc87-e702-42fe-b547-9d26eb4e4411,1692820061219702313,626.323,946.888,1,,,25000000.0,0
415a96dc-06db-4621-bcc1-f437d85f5ad4,b0f1bc87-e702-42fe-b547-9d26eb4e4411,1692820061224702313,591.978,928.328,1,,,25000000.0,0
415a96dc-06db-4621-bcc1-f437d85f5ad4,b0f1bc87-e702-42fe-b547-9d26eb4e4411,1692820061229702313,521.888,907.511,1,,,25000000.0,0
415a96dc-06db-4621-bcc1-f437d85f5ad4,b0f1bc87-e702-42fe-b547-9d26eb4e4411,1692820061234702313,509.756,946.084,1,,,25000000.0,0
415a96dc-06db-4621-bcc1-f437d85f5ad4,b0f1bc87-e702-42fe-b547-9d26eb4e4411,1692820061239702313,446.63,932.105,1,,,25000000.0,0
415a96dc-06db-4621-bcc1-f437d85f5ad4,b0f1bc87-e702-42fe-b547-9d26eb4e4411,1692820061244702313,463.938,914.193,1,,,25000000.0,0
415a96dc-06db-4621-bcc1-f437d85f5ad4,b0f1bc87-e702-42fe-b547-9d26eb4e4411,1692820061249702313,471.568,930.016,1,,,25000000.0,0
415a96dc-06db-4621-bcc1-f437d85f5ad4,b0f1bc87-e702-42fe-b547-9d26eb4e4411,1692820061254702313,460.452,894.182,1,,,25000000.0,0
415a96dc-06db-4621-bcc1-f437d85f5ad4,b0f1bc87-e702-42fe-b547-9d26eb4e4411,1692820061259702313,491.86,940.402,1,,,25000000.0,0
415a96dc-06db-4621-bcc1-f437d85f5ad4,b0f1bc87-e702-42fe-b547-9d26eb4e4411,1692820061264702313,474.678,933.152,1,,,25000000.0,0
415a96dc-06db-4621-bcc1-f437d85f5ad4,b0f1bc87-e702-42fe-b547-9d26eb4e4411,1692820061269702313,453.897,919.589,1,,,25000000.0,0
415a96dc-06db-4621-bcc1-f437d85f5ad4,b0f1bc87-e702-42fe-b547-9d26eb4e4411,1692820061274702313,534.267,912.323,1,,,25000000.0,0
415a96dc-06db-4621-bcc1-f437d85f5ad4,b0f1bc87-e702-42fe-b547-9d26eb4e4411,1692820061279702313,514.76,917.191,1,,,25000000.0,0
415a96dc-06db-4621-bcc1-f437d85f5ad4,b0f1bc87-e702-42fe-b547-9d26eb4e4411,1692820061284710313,531.335,921.253,1,,,25000000.0,0
415a96dc-06db-4621-bcc1-f437d85f5ad4,b0f1bc87-e702-42fe-b547-9d26eb4e4411,1692820061289703313,549.926,926.466,1,,,25000000.0,0
415a96dc-06db-4621-bcc1-f437d85f5ad4,b0f1bc87-e702-42fe-b547-9d26eb4e4411,1692820061294703313,548.004,942.911,1,,,25000000.0,0
415a96dc-06db-4621-bcc1-f437d85f5ad4,b0f1bc87-e702-42fe-b547-9d26eb4e4411,1692820061299703313,537.583,957.007,1,,,25000000.0,0
415a96dc-06db-4621-bcc1-f437d85f5ad4,b0f1bc87-e702-42fe-b547-9d26eb4e4411,1692820061304834313,547.082,919.845,1,,,25000000.0,0
415a96dc-06db-4621-bcc1-f437d85f5ad4,b0f1bc87-e702-42fe-b547-9d26eb4e4411,1692820061309828313,559.982,937.665,1,,,25000000.0,0
415a96dc-06db-4621-bcc1-f437d85f5ad4,b0f1bc87-e702-42fe-b547-9d26eb4e4411,1692820061314831313,505.616,931.548,1,,,25000000.0,0
415a96dc-06db-4621-bcc1-f437d85f5ad4,b0f1bc87-e702-42fe-b547-9d26eb4e4411,1692820061319828313,528.122,946.955,1,,,25000000.0,0
415a96dc-06db-4621-bcc1-f437d85f5ad4,b0f1bc87-e702-42fe-b547-9d26eb4e4411,1692820061324828313,517.582,930.535,1,,,25000000.0,0
